"","genres","b_g_i"
"1","(no genres listed)",0.130391941255597
"2","Action",-0.576144639555961
"3","Action|Adventure",0.147104155491396
"4","Action|Adventure|Animation|Children|Comedy",0.450304317616346
"5","Action|Adventure|Animation|Children|Comedy|Fantasy",-0.525834185558765
"6","Action|Adventure|Animation|Children|Comedy|IMAX",-0.217010656147
"7","Action|Adventure|Animation|Children|Comedy|Sci-Fi",-0.433298534934879
"8","Action|Adventure|Animation|Children|Fantasy",-0.808937386133432
"9","Action|Adventure|Animation|Children|Sci-Fi",-0.542465201601546
"10","Action|Adventure|Animation|Comedy|Drama",-0.000372667426992748
"11","Action|Adventure|Animation|Comedy|Sci-Fi",0.487534798398454
"12","Action|Adventure|Animation|Drama|Fantasy",0.436415481527926
"13","Action|Adventure|Animation|Drama|Fantasy|Sci-Fi",-0.108699511224977
"14","Action|Adventure|Animation|Fantasy",0.0117283467855509
"15","Action|Adventure|Animation|Fantasy|Sci-Fi",-0.0645716317567565
"16","Action|Adventure|Animation|Horror|Sci-Fi",-0.129788421567291
"17","Action|Adventure|Animation|Mystery|Romance",0.396052148556183
"18","Action|Adventure|Animation|Sci-Fi",0.0428225122398227
"19","Action|Adventure|Animation|Sci-Fi|Thriller",-0.203368536341943
"20","Action|Adventure|Children",-1.59741665791223
"21","Action|Adventure|Children|Comedy",-0.920824658236865
"22","Action|Adventure|Children|Comedy|Crime",-1.092010656147
"23","Action|Adventure|Children|Comedy|Fantasy|Sci-Fi",-1.45632113380494
"24","Action|Adventure|Children|Comedy|Mystery",-1.35836684094581
"25","Action|Adventure|Children|Crime|Mystery|Thriller",-0.351174879020901
"26","Action|Adventure|Children|Fantasy",-0.186559546141551
"27","Action|Adventure|Comedy",-0.312589320578451
"28","Action|Adventure|Comedy|Crime",-0.380907144301986
"29","Action|Adventure|Comedy|Crime|Drama",0.0944530373921648
"30","Action|Adventure|Comedy|Crime|Drama|Romance",0.0700729663373854
"31","Action|Adventure|Comedy|Crime|Horror|Thriller",0.225034798398454
"32","Action|Adventure|Comedy|Crime|Romance|Thriller",-0.609239395149933
"33","Action|Adventure|Comedy|Crime|Sci-Fi",-0.164639114645024
"34","Action|Adventure|Comedy|Crime|Thriller",-0.910060927336185
"35","Action|Adventure|Comedy|Drama",-0.969608058744403
"36","Action|Adventure|Comedy|Drama|Fantasy|Horror|Sci-Fi|Thriller",-0.0632464516015458
"37","Action|Adventure|Comedy|Drama|Romance",-0.270040959177303
"38","Action|Adventure|Comedy|Drama|Romance|Thriller",0.333379302419902
"39","Action|Adventure|Comedy|Drama|Thriller",-0.324965201601546
"40","Action|Adventure|Comedy|Drama|War",0.134071960560616
"41","Action|Adventure|Comedy|Fantasy",-0.112435492748308
"42","Action|Adventure|Comedy|Fantasy|Horror",0.203162889397465
"43","Action|Adventure|Comedy|Fantasy|Mystery",-0.662685035504819
"44","Action|Adventure|Comedy|Fantasy|Romance",0.683091554425195
"45","Action|Adventure|Comedy|Fantasy|Sci-Fi",-0.781350093687877
"46","Action|Adventure|Comedy|Fantasy|Sci-Fi|Western",-1.25713601842856
"47","Action|Adventure|Comedy|Musical",0.297080298955191
"48","Action|Adventure|Comedy|Romance",-0.12986252509024
"49","Action|Adventure|Comedy|Romance|Thriller",-0.0696838450270858
"50","Action|Adventure|Comedy|Sci-Fi",-0.20791843693805
"51","Action|Adventure|Comedy|Thriller",-0.303109018183297
"52","Action|Adventure|Comedy|War",-0.701439793253088
"53","Action|Adventure|Comedy|Western",-0.121647411070699
"54","Action|Adventure|Crime",-1.19996520160155
"55","Action|Adventure|Crime|Drama",-0.0790796216642418
"56","Action|Adventure|Crime|Drama|Mystery|Thriller",0.56583239423991
"57","Action|Adventure|Crime|Drama|Romance|Thriller",-0.730919460276625
"58","Action|Adventure|Crime|Drama|Western",0.233070512684168
"59","Action|Adventure|Crime|Mystery|Thriller",-0.234687423823768
"60","Action|Adventure|Crime|Sci-Fi|Thriller",-0.503769549427633
"61","Action|Adventure|Crime|Thriller",-0.444097321441295
"62","Action|Adventure|Documentary",-0.0650967805489143
"63","Action|Adventure|Drama",0.00133188496715081
"64","Action|Adventure|Drama|Fantasy",0.426652125255501
"65","Action|Adventure|Drama|Fantasy|Sci-Fi",-1.60895642967172
"66","Action|Adventure|Drama|Fantasy|Thriller",-0.254251216765826
"67","Action|Adventure|Drama|Mystery|Thriller",0.184320137139629
"68","Action|Adventure|Drama|Romance",0.239576224409209
"69","Action|Adventure|Drama|Romance|Thriller|Western",0.135262071125727
"70","Action|Adventure|Drama|Romance|War",-0.199212189553353
"71","Action|Adventure|Drama|Sci-Fi",-0.358065712256559
"72","Action|Adventure|Drama|Sci-Fi|Thriller",-0.0553067316561907
"73","Action|Adventure|Drama|Thriller",-0.41826524216127
"74","Action|Adventure|Drama|Thriller|War",-1.12293031788062
"75","Action|Adventure|Drama|Thriller|Western",0.181652445457278
"76","Action|Adventure|Drama|War",0.174106139737758
"77","Action|Adventure|Drama|War|Western",-0.103374292510637
"78","Action|Adventure|Drama|Western",0.419006879616728
"79","Action|Adventure|Fantasy",0.14561476917512
"80","Action|Adventure|Fantasy|Horror",-0.794219587566458
"81","Action|Adventure|Fantasy|Horror|Romance",0.154201465065121
"82","Action|Adventure|Fantasy|Horror|Thriller",-0.379568168442733
"83","Action|Adventure|Fantasy|Mystery",-0.567417711777937
"84","Action|Adventure|Fantasy|Sci-Fi",-0.301267190203462
"85","Action|Adventure|Fantasy|Sci-Fi|Thriller",-0.6803968904061
"86","Action|Adventure|Fantasy|Thriller",-1.30613035997259
"87","Action|Adventure|Fantasy|War",-0.650763073941971
"88","Action|Adventure|Horror",-0.18753346457151
"89","Action|Adventure|Horror|Sci-Fi|Thriller",-0.576129589753268
"90","Action|Adventure|Horror|Thriller",-0.482787133191083
"91","Action|Adventure|Mystery",-0.134871840605695
"92","Action|Adventure|Mystery|Sci-Fi",-0.905588997362625
"93","Action|Adventure|Mystery|Thriller",-0.0612274272555306
"94","Action|Adventure|Romance",-0.155994725229957
"95","Action|Adventure|Romance|Sci-Fi|Thriller",-0.403019243381746
"96","Action|Adventure|Romance|Thriller",-0.287533112313723
"97","Action|Adventure|Romance|War",-0.595798534934879
"98","Action|Adventure|Sci-Fi",-0.00505856882321741
"99","Action|Adventure|Sci-Fi|Thriller",0.0292965727269941
"100","Action|Adventure|Sci-Fi|War",-0.135562135372709
"101","Action|Adventure|Sci-Fi|Western",0.439645556455649
"102","Action|Adventure|Thriller",-0.0783645516629178
"103","Action|Adventure|War",-0.795664922758743
"104","Action|Adventure|War|Western",0.0106117214753772
"105","Action|Adventure|Western",0.212454208381848
"106","Action|Animation|Children|Comedy",-0.0905902016015458
"107","Action|Animation|Children|Comedy|Musical",0.0375347983984542
"108","Action|Animation|Children|Fantasy",-0.849569273999736
"109","Action|Animation|Comedy|Horror",-2.01246520160155
"110","Action|Animation|Drama|Sci-Fi",0.116073869746133
"111","Action|Animation|Drama|Sci-Fi|Thriller",0.097910074336644
"112","Action|Animation|Fantasy",-0.982919747056091
"113","Action|Animation|Fantasy|Sci-Fi",0.0218089919468412
"114","Action|Animation|Film-Noir|Sci-Fi|Thriller",0.279012586249769
"115","Action|Animation|Sci-Fi",-0.300343989480334
"116","Action|Children",-1.46835505371781
"117","Action|Children|Comedy",-1.60223354136989
"118","Action|Children|Comedy|Fantasy|Sci-Fi",-0.7601811484454
"119","Action|Children|Fantasy",-1.23571800574305
"120","Action|Comedy",-0.517086075473137
"121","Action|Comedy|Crime",-0.333219918582678
"122","Action|Comedy|Crime|Drama",-0.0227780053163149
"123","Action|Comedy|Crime|Drama|Horror|Thriller",-0.0162530803894246
"124","Action|Comedy|Crime|Drama|Thriller",-0.027660396796741
"125","Action|Comedy|Crime|Fantasy",-0.315698200486719
"126","Action|Comedy|Crime|Horror|Thriller",0.0682085572637024
"127","Action|Comedy|Crime|Romance",0.086628453987578
"128","Action|Comedy|Crime|Thriller",-0.277696084270752
"129","Action|Comedy|Crime|Western",-0.808383568948485
"130","Action|Comedy|Drama",0.0102826140055647
"131","Action|Comedy|Drama|Fantasy",-0.221406807440962
"132","Action|Comedy|Drama|Romance",-1.32198901112536
"133","Action|Comedy|Drama|Thriller",-0.269221958358303
"134","Action|Comedy|Fantasy",-0.73257489081544
"135","Action|Comedy|Fantasy|Horror",0.282233049949498
"136","Action|Comedy|Fantasy|Horror|Sci-Fi",-0.595643269208679
"137","Action|Comedy|Fantasy|Sci-Fi",0.226754289558437
"138","Action|Comedy|Horror",0.261621684144715
"139","Action|Comedy|Horror|Sci-Fi",-0.966133155269499
"140","Action|Comedy|Horror|Thriller",-0.301868710373476
"141","Action|Comedy|Musical",-1.08526213646745
"142","Action|Comedy|Musical|Sci-Fi",-0.689716933703163
"143","Action|Comedy|Mystery|Thriller",0.369810795782365
"144","Action|Comedy|Romance",-0.268816670185013
"145","Action|Comedy|Romance|Thriller",-0.782010125755571
"146","Action|Comedy|Romance|War",-0.371302232971094
"147","Action|Comedy|Romance|Western",-0.22675091588726
"148","Action|Comedy|Sci-Fi",-0.240906054694671
"149","Action|Comedy|Sci-Fi|Thriller",-0.167227106363451
"150","Action|Comedy|Thriller",-0.704417097993775
"151","Action|Comedy|Thriller|Western",-0.901354090490435
"152","Action|Comedy|War",-0.497909686143829
"153","Action|Comedy|Western",0.311506801898017
"154","Action|Crime",-0.210422800066318
"155","Action|Crime|Drama",0.0492394364297489
"156","Action|Crime|Drama|Film-Noir|Mystery",0.603128633393921
"157","Action|Crime|Drama|Film-Noir|Thriller",0.0197928629145832
"158","Action|Crime|Drama|Horror|Thriller",0.0735563037747982
"159","Action|Crime|Drama|IMAX",0.784602371709121
"160","Action|Crime|Drama|Musical",-0.887465201601546
"161","Action|Crime|Drama|Mystery",0.356437237422844
"162","Action|Crime|Drama|Mystery|Sci-Fi|Thriller",-0.109692963867202
"163","Action|Crime|Drama|Mystery|Thriller",0.0401191865841082
"164","Action|Crime|Drama|Romance",-0.568020757157101
"165","Action|Crime|Drama|Romance|Thriller",-0.0124652016015458
"166","Action|Crime|Drama|Romance|Thriller|War",0.288190340710731
"167","Action|Crime|Drama|Romance|Western",-0.179131868268213
"168","Action|Crime|Drama|Sci-Fi",0.128635413183279
"169","Action|Crime|Drama|Thriller",0.143863902612743
"170","Action|Crime|Drama|War",-1.23468742382377
"171","Action|Crime|Drama|Western",0.296074743302035
"172","Action|Crime|Fantasy",-1.02063452948866
"173","Action|Crime|Fantasy|Mystery|Romance|Thriller",-0.463251365123558
"174","Action|Crime|Fantasy|Thriller",-0.00741240269158786
"175","Action|Crime|Film-Noir",-0.0418769663074282
"176","Action|Crime|Film-Noir|Thriller",0.419812554979912
"177","Action|Crime|Horror",-0.649876549119276
"178","Action|Crime|Horror|Mystery|Thriller",-0.544907949693149
"179","Action|Crime|Horror|Sci-Fi|Thriller",0.00845922063455659
"180","Action|Crime|Mystery|Romance|Thriller",0.077068215800724
"181","Action|Crime|Mystery|Sci-Fi|Thriller",0.041560624452385
"182","Action|Crime|Mystery|Thriller",-0.516787968172151
"183","Action|Crime|Romance",0.399902728790002
"184","Action|Crime|Romance|Thriller",0.131455771042831
"185","Action|Crime|Sci-Fi",-0.689315931507495
"186","Action|Crime|Sci-Fi|Thriller",-0.127606249385081
"187","Action|Crime|Thriller",-0.0511757307481246
"188","Action|Crime|Thriller|War",-0.962465201601546
"189","Action|Crime|Thriller|Western",0.156908348282445
"190","Action|Crime|Western",-0.935542124678469
"191","Action|Drama",-0.240167276547349
"192","Action|Drama|Fantasy",-0.610026177211302
"193","Action|Drama|Fantasy|Romance",-0.244194256860013
"194","Action|Drama|Fantasy|Sci-Fi",-0.495981685118029
"195","Action|Drama|Fantasy|Sci-Fi|Thriller|War",0.266380952244608
"196","Action|Drama|Horror",0.116375580521359
"197","Action|Drama|Horror|Sci-Fi",-1.76246520160155
"198","Action|Drama|Horror|Sci-Fi|Thriller",0.180722030413699
"199","Action|Drama|Horror|Thriller",-0.0438447161071705
"200","Action|Drama|Musical|Romance",-0.820157509293854
"201","Action|Drama|Musical|War",-0.220798534934879
"202","Action|Drama|Mystery",-0.408288867494817
"203","Action|Drama|Mystery|Romance|Thriller",0.531821478587771
"204","Action|Drama|Romance",-0.102714623552645
"205","Action|Drama|Romance|Sci-Fi",-0.305243851523053
"206","Action|Drama|Romance|Thriller",-0.559072466851717
"207","Action|Drama|Romance|War",-0.116710194424022
"208","Action|Drama|Romance|Western",0.3141679642276
"209","Action|Drama|Sci-Fi",0.0496930717797491
"210","Action|Drama|Sci-Fi|Thriller",-0.165794197480965
"211","Action|Drama|Thriller",-0.243004917819554
"212","Action|Drama|Thriller|War",0.596909798398454
"213","Action|Drama|Thriller|Western",0.461989295471365
"214","Action|Drama|War",0.403291530903016
"215","Action|Drama|War|Western",-0.113980353116697
"216","Action|Drama|Western",0.246060650983713
"217","Action|Fantasy",-0.926258305049822
"218","Action|Fantasy|Horror",-0.378776502241205
"219","Action|Fantasy|Horror|Mystery|Sci-Fi|Thriller",-0.156719480330152
"220","Action|Fantasy|Horror|Romance",0.129842490706146
"221","Action|Fantasy|Horror|Thriller",-0.827310226071366
"222","Action|Fantasy|Mystery|Thriller",-0.0505434934164925
"223","Action|Fantasy|Romance",-0.0124652016015458
"224","Action|Fantasy|Sci-Fi",-0.074084919911405
"225","Action|Fantasy|Sci-Fi|Thriller",-0.182498871635216
"226","Action|Fantasy|Thriller",-0.939480452146208
"227","Action|Fantasy|War",0.194116876114553
"228","Action|Horror",0.0347478392638388
"229","Action|Horror|Mystery",-0.612465201601546
"230","Action|Horror|Mystery|Sci-Fi",-1.58389377303012
"231","Action|Horror|Mystery|Thriller",-1.90543156245782
"232","Action|Horror|Sci-Fi",-0.606926799440218
"233","Action|Horror|Sci-Fi|Thriller",0.111707122595923
"234","Action|Horror|Thriller",-0.379227379251976
"235","Action|Mystery",-0.0172412226819148
"236","Action|Mystery|Sci-Fi",-0.221482303000751
"237","Action|Mystery|Sci-Fi|Thriller",-0.0664354249266079
"238","Action|Mystery|Thriller",-0.268960947750086
"239","Action|Romance",-0.103326795597936
"240","Action|Romance|Sci-Fi|Thriller",-0.553776277283812
"241","Action|Romance|Thriller",-0.178217791485763
"242","Action|Romance|War|Western",0.201149086350828
"243","Action|Romance|Western",-0.869608058744403
"244","Action|Sci-Fi",-0.26165587982325
"245","Action|Sci-Fi|Thriller",-0.0920044543303452
"246","Action|Sci-Fi|Thriller|Western",-0.085474051159068
"247","Action|Sci-Fi|War",-0.369372347709875
"248","Action|Sci-Fi|Western",-0.952120374015339
"249","Action|Thriller",-0.237979263858759
"250","Action|Thriller|War",-0.476815791973935
"251","Action|War",-0.777167197108352
"252","Action|War|Western",0.237534798398454
"253","Action|Western",0.0768436736995474
"254","Adventure",-0.561674340441616
"255","Adventure|Animation",-0.214919189331607
"256","Adventure|Animation|Children",-0.701934521667881
"257","Adventure|Animation|Children|Comedy",0.140142746430552
"258","Adventure|Animation|Children|Comedy|Crime|Fantasy|Mystery",0.0137306981706637
"259","Adventure|Animation|Children|Comedy|Drama",0.11583109469475
"260","Adventure|Animation|Children|Comedy|Drama|Fantasy|Mystery",-0.127958159348025
"261","Adventure|Animation|Children|Comedy|Fantasy",0.27439123233601
"262","Adventure|Animation|Children|Comedy|Fantasy|Musical",-1.14524032121877
"263","Adventure|Animation|Children|Comedy|Fantasy|Musical|Romance",0.0826804294664153
"264","Adventure|Animation|Children|Comedy|Fantasy|Romance",0.386600862855317
"265","Adventure|Animation|Children|Comedy|Fantasy|Sci-Fi",-0.728436506113534
"266","Adventure|Animation|Children|Comedy|Fantasy|War",-0.833893773030117
"267","Adventure|Animation|Children|Comedy|Musical",0.1019948713314
"268","Adventure|Animation|Children|Comedy|Musical|Romance",0.178382256025573
"269","Adventure|Animation|Children|Comedy|Romance|Sci-Fi",0.610341815942314
"270","Adventure|Animation|Children|Comedy|Sci-Fi",0.635452055411772
"271","Adventure|Animation|Children|Crime|Drama|Fantasy",-0.0733957776724469
"272","Adventure|Animation|Children|Drama",0.243654890777207
"273","Adventure|Animation|Children|Drama|Fantasy",0.207750261009354
"274","Adventure|Animation|Children|Drama|Musical",0.208623409926757
"275","Adventure|Animation|Children|Drama|Sci-Fi",0.353622915888441
"276","Adventure|Animation|Children|Fantasy",0.20772085533636
"277","Adventure|Animation|Children|Fantasy|IMAX",-0.308828837965182
"278","Adventure|Animation|Children|Fantasy|Sci-Fi",-1.58771845775205
"279","Adventure|Animation|Children|Musical",-0.0636091008057899
"280","Adventure|Animation|Children|Sci-Fi",-0.224350858572459
"281","Adventure|Animation|Comedy",0.514300388180573
"282","Adventure|Animation|Comedy|Crime",-0.486631868268213
"283","Adventure|Animation|Comedy|Fantasy",-0.301938885812072
"284","Adventure|Animation|Comedy|Fantasy|Musical",0.0648351253484775
"285","Adventure|Animation|Comedy|Fantasy|Romance",0.39979894934185
"286","Adventure|Animation|Drama",0.254201465065121
"287","Adventure|Animation|Drama|Fantasy|Sci-Fi",0.577189970812247
"288","Adventure|Animation|Fantasy|Romance|Sci-Fi",0.510415518578499
"289","Adventure|Animation|Fantasy|Sci-Fi",-0.314348876419788
"290","Adventure|Animation|Musical|Sci-Fi",-0.0124652016015458
"291","Adventure|Children",-0.45096470801813
"292","Adventure|Children|Comedy",-0.716413264517201
"293","Adventure|Children|Comedy|Drama",-0.112252887376493
"294","Adventure|Children|Comedy|Fantasy",0.0168699644260893
"295","Adventure|Children|Comedy|Fantasy|Musical",-0.412249684360167
"296","Adventure|Children|Comedy|Fantasy|Romance",-0.8851827096574
"297","Adventure|Children|Comedy|Fantasy|Sci-Fi",-0.835423338891931
"298","Adventure|Children|Comedy|Musical",-0.311325136454966
"299","Adventure|Children|Drama",-0.718054712642555
"300","Adventure|Children|Drama|Fantasy",-0.00110156523790949
"301","Adventure|Children|Drama|Fantasy|Sci-Fi",-0.204325666717825
"302","Adventure|Children|Drama|Fantasy|War",-0.218347554542722
"303","Adventure|Children|Drama|Romance",-0.146237131426107
"304","Adventure|Children|Fantasy",-0.122394774851351
"305","Adventure|Children|Fantasy|Musical",0.473660052980939
"306","Adventure|Children|Fantasy|Sci-Fi",-0.0249472675986764
"307","Adventure|Children|Fantasy|Western",-0.503205942342287
"308","Adventure|Children|Musical",-0.180579046271107
"309","Adventure|Children|Romance",-0.0591631844697415
"310","Adventure|Children|Sci-Fi",-0.143655149864665
"311","Adventure|Comedy",-0.122298654715316
"312","Adventure|Comedy|Crime",0.290668014875229
"313","Adventure|Comedy|Crime|Drama|Fantasy",0.108018722826694
"314","Adventure|Comedy|Crime|Drama|Romance",0.126559188642357
"315","Adventure|Comedy|Crime|Mystery",-0.906532998211715
"316","Adventure|Comedy|Crime|Romance",0.299278750011357
"317","Adventure|Comedy|Crime|Thriller",-0.171827751402343
"318","Adventure|Comedy|Documentary",-0.354570464759441
"319","Adventure|Comedy|Drama",0.366568584315726
"320","Adventure|Comedy|Drama|Fantasy",-1.35175091588726
"321","Adventure|Comedy|Drama|Fantasy|Mystery|Sci-Fi",0.27324908411274
"322","Adventure|Comedy|Drama|Musical",0.353289961661406
"323","Adventure|Comedy|Drama|Romance",0.193145155981685
"324","Adventure|Comedy|Drama|War",-0.340590201601546
"325","Adventure|Comedy|Drama|Western",0.495478723632099
"326","Adventure|Comedy|Fantasy",-0.142068754461165
"327","Adventure|Comedy|Fantasy|Musical",0.50259503936231
"328","Adventure|Comedy|Fantasy|Romance",-1.17913186826821
"329","Adventure|Comedy|Fantasy|Sci-Fi",-1.27246520160155
"330","Adventure|Comedy|Horror",-0.482584723513896
"331","Adventure|Comedy|Horror|Romance",-0.179131868268213
"332","Adventure|Comedy|Musical",-0.690861889595524
"333","Adventure|Comedy|Musical|Romance",-0.163258852395197
"334","Adventure|Comedy|Romance",-0.240773104129444
"335","Adventure|Comedy|Romance|War",0.615526374121219
"336","Adventure|Comedy|Sci-Fi",0.0861994188574765
"337","Adventure|Comedy|Thriller",0.00628479839845415
"338","Adventure|Comedy|War",0.262897117239034
"339","Adventure|Comedy|Western",-0.359869593782057
"340","Adventure|Crime|Drama",0.137107447971104
"341","Adventure|Crime|Drama|Thriller",0.247951465065121
"342","Adventure|Crime|Drama|Thriller|War",0.364533568386154
"343","Adventure|Crime|Horror|Thriller",-0.0838937730301173
"344","Adventure|Crime|Sci-Fi|Thriller",-0.162957466017861
"345","Adventure|Crime|Thriller",0.0871789265123332
"346","Adventure|Crime|Western",0.484983777990291
"347","Adventure|Documentary",0.579640061556349
"348","Adventure|Documentary|IMAX",-0.980207137085417
"349","Adventure|Drama",0.222850159438531
"350","Adventure|Drama|Fantasy",0.36379742466108
"351","Adventure|Drama|Fantasy|IMAX",0.144213498759465
"352","Adventure|Drama|Fantasy|Mystery|Sci-Fi",0.454226794345769
"353","Adventure|Drama|Fantasy|Romance",-0.327338619323065
"354","Adventure|Drama|Fantasy|Thriller",-0.519608058744403
"355","Adventure|Drama|Film-Noir|Sci-Fi|Thriller",0.635919121677096
"356","Adventure|Drama|Horror|Mystery|Thriller",-1.16090270160155
"357","Adventure|Drama|Horror|Sci-Fi|Thriller",-1.76131312786883
"358","Adventure|Drama|Horror|Thriller",0.10079237415603
"359","Adventure|Drama|Mystery|Thriller",0.366157986804251
"360","Adventure|Drama|Romance",-0.434325143779509
"361","Adventure|Drama|Romance|Sci-Fi",-0.24304457286681
"362","Adventure|Drama|Romance|Sci-Fi|Thriller",-1.10337429251064
"363","Adventure|Drama|Romance|Thriller",-0.194283383419728
"364","Adventure|Drama|Romance|War",0.180693752120788
"365","Adventure|Drama|Romance|Western",-0.418715201601546
"366","Adventure|Drama|Sci-Fi",0.0224830232505252
"367","Adventure|Drama|Sci-Fi|Thriller",-0.23224027189208
"368","Adventure|Drama|Sci-Fi|War",-0.174678942059561
"369","Adventure|Drama|Thriller",0.262256474888304
"370","Adventure|Drama|Thriller|War",-0.262465201601546
"371","Adventure|Drama|War",0.568174255143167
"372","Adventure|Drama|War|Western",-0.269608058744403
"373","Adventure|Drama|Western",0.221403746645533
"374","Adventure|Fantasy",-0.22834231229573
"375","Adventure|Fantasy|Film-Noir|Mystery|Sci-Fi",0.487534798398454
"376","Adventure|Fantasy|Film-Noir|Sci-Fi|Thriller",0.257566111715824
"377","Adventure|Fantasy|Mystery",-0.418715201601546
"378","Adventure|Fantasy|Romance",0.00756511455263345
"379","Adventure|Fantasy|Sci-Fi",-0.405678774455837
"380","Adventure|Fantasy|Thriller",0.175521811385467
"381","Adventure|Horror",-1.26246520160155
"382","Adventure|Horror|Mystery|Thriller",-0.523103499473886
"383","Adventure|Horror|Romance|Sci-Fi",0.487534798398454
"384","Adventure|Horror|Sci-Fi",-0.203106449435168
"385","Adventure|Horror|Thriller",-0.693316265431333
"386","Adventure|IMAX|Romance",-0.442697759741081
"387","Adventure|Musical",-0.528542372019552
"388","Adventure|Musical|Romance",-0.111302410903871
"389","Adventure|Mystery",-0.262465201601546
"390","Adventure|Mystery|Thriller",0.524239529230428
"391","Adventure|Romance",-0.721827341519241
"392","Adventure|Romance|War|Western",-0.134687423823768
"393","Adventure|Romance|Western",-0.467010656147
"394","Adventure|Sci-Fi",-0.016016311555809
"395","Adventure|Sci-Fi|Thriller",-1.20451447371801
"396","Adventure|Thriller",-0.323902605001855
"397","Adventure|War",-0.342893093836094
"398","Adventure|War|Western",0.00676556762922338
"399","Adventure|Western",0.305455651381846
"400","Animation",-0.504866417407017
"401","Animation|Children",-0.300223916772477
"402","Animation|Children|Comedy",0.0560736829231989
"403","Animation|Children|Comedy|Crime",0.762963848210091
"404","Animation|Children|Comedy|Fantasy",0.367575836990515
"405","Animation|Children|Comedy|Musical",0.12260685035705
"406","Animation|Children|Comedy|Musical|Romance",0.0306817892382795
"407","Animation|Children|Comedy|Musical|Western",-0.889658184057686
"408","Animation|Children|Comedy|Romance",-0.490998887202603
"409","Animation|Children|Drama",0.00442215207337259
"410","Animation|Children|Drama|Fantasy|Musical",0.109902654006533
"411","Animation|Children|Drama|Musical",0.0237788175372101
"412","Animation|Children|Fantasy",0.0751591401187584
"413","Animation|Children|Fantasy|Musical",0.0852560955062543
"414","Animation|Children|Fantasy|Musical|Romance",0.147874934452876
"415","Animation|Children|Fantasy|War",-0.718363469999814
"416","Animation|Children|IMAX|Musical",0.0245048087397158
"417","Animation|Children|Musical",-0.16158800861909
"418","Animation|Children|Musical|Romance",-0.603422892146834
"419","Animation|Children|Western",-0.606215201601546
"420","Animation|Comedy",0.0714625206999282
"421","Animation|Comedy|Drama|Fantasy",-0.0791318682682125
"422","Animation|Comedy|Drama|Fantasy|Sci-Fi",-0.139916181993703
"423","Animation|Comedy|Drama|Romance|Sci-Fi",0.265312576176232
"424","Animation|Comedy|Fantasy",0.371653339431889
"425","Animation|Comedy|Fantasy|Musical",0.213872246958125
"426","Animation|Comedy|Fantasy|Musical|Romance",0.102650263758846
"427","Animation|Comedy|Fantasy|Sci-Fi",0.0338924142924939
"428","Animation|Comedy|Musical",0.0659661709474738
"429","Animation|Comedy|Sci-Fi",0.12742137684836
"430","Animation|Comedy|Thriller",0.0895248481496979
"431","Animation|Comedy|War",-0.336253747857052
"432","Animation|Crime|Mystery",-1.22371140220945
"433","Animation|Documentary",0.303990494600986
"434","Animation|Documentary|War",0.362534798398454
"435","Animation|Drama",0.440340920847434
"436","Animation|Drama|Fantasy",0.279710837518259
"437","Animation|Drama|Mystery|Sci-Fi|Thriller",0.168044211466007
"438","Animation|Drama|Romance",0.259658692203764
"439","Animation|Drama|Sci-Fi|War",0.0859599952488479
"440","Animation|Drama|War",0.600143075588059
"441","Animation|Fantasy",-0.366631868268213
"442","Animation|Fantasy|Horror",0.164902374642435
"443","Animation|Fantasy|Sci-Fi|War",-0.114737928874273
"444","Animation|Fantasy|Thriller",0.191482166819507
"445","Animation|Horror|IMAX",-0.612465201601546
"446","Animation|IMAX|Sci-Fi",1.20182051268417
"447","Animation|Musical",-0.109002943335794
"448","Animation|Mystery|Sci-Fi",0.256423687287343
"449","Animation|Mystery|Thriller",0.262044602320023
"450","Animation|Sci-Fi",0.312810265005155
"451","Children",-1.02119003381631
"452","Children|Comedy",-0.591620250984846
"453","Children|Comedy|Crime|Drama",0.0703162553520965
"454","Children|Comedy|Crime|Drama|Fantasy",0.179664428028084
"455","Children|Comedy|Crime|Musical",-0.37937167642169
"456","Children|Comedy|Drama",-0.0918124160078486
"457","Children|Comedy|Drama|Fantasy",0.190818363078263
"458","Children|Comedy|Drama|Musical|Romance",-1.05020105065815
"459","Children|Comedy|Drama|Mystery",-0.0124652016015458
"460","Children|Comedy|Fantasy",-0.637411964804272
"461","Children|Comedy|Fantasy|Horror",-1.02608387864435
"462","Children|Comedy|Fantasy|Musical",0.202846599758869
"463","Children|Comedy|Fantasy|Romance",-0.7441979782195
"464","Children|Comedy|Fantasy|Sci-Fi",-0.377762005254514
"465","Children|Comedy|Musical",0.155994350894151
"466","Children|Comedy|Musical|Romance",0.321438907987495
"467","Children|Comedy|Mystery",-0.619421723340676
"468","Children|Comedy|Romance",-0.54678193997483
"469","Children|Comedy|Romance|Sci-Fi",-0.811800013131479
"470","Children|Comedy|Sci-Fi",-1.2320230247308
"471","Children|Comedy|Western",-0.669201829902155
"472","Children|Documentary",0.407242827595534
"473","Children|Drama",0.00367935886649829
"474","Children|Drama|Fantasy",-0.502756463737468
"475","Children|Drama|Fantasy|Mystery",0.325963673133061
"476","Children|Drama|Musical",-0.0665192556555999
"477","Children|Drama|Sci-Fi",0.263511077497565
"478","Children|Fantasy",-0.216680317880616
"479","Children|Fantasy|Horror|Mystery",-0.0759074126568222
"480","Children|Fantasy|Musical",-0.0971100335879346
"481","Children|Fantasy|Musical|Romance",-0.708117375514589
"482","Children|Fantasy|Sci-Fi",-1.55483808295748
"483","Children|Horror",-0.238128918415705
"484","Children|Musical",-0.287423833703035
"485","Children|Musical|Romance",-0.179131868268213
"486","Children|Mystery",-0.324965201601546
"487","Children|Sci-Fi",-0.595676880433663
"488","Children|Western",-0.281695970832315
"489","Comedy",-0.274607281160504
"490","Comedy|Crime",0.0190414981774024
"491","Comedy|Crime|Drama",0.48838123742945
"492","Comedy|Crime|Drama|Film-Noir",0.250457263607202
"493","Comedy|Crime|Drama|Film-Noir|Musical",0.0458681317317875
"494","Comedy|Crime|Drama|Horror|Mystery",-0.0418769663074282
"495","Comedy|Crime|Drama|Horror|Mystery|Thriller",-0.145873588879902
"496","Comedy|Crime|Drama|Musical",0.123922096680599
"497","Comedy|Crime|Drama|Musical|Mystery|Romance",0.177408216119973
"498","Comedy|Crime|Drama|Mystery",-0.295214630390579
"499","Comedy|Crime|Drama|Mystery|Romance",0.412534798398454
"500","Comedy|Crime|Drama|Mystery|Thriller",0.0275040528181313
"501","Comedy|Crime|Drama|Romance",0.364260636662754
"502","Comedy|Crime|Drama|Romance|Thriller",0.0426857618334413
"503","Comedy|Crime|Drama|Thriller",0.545297421133757
"504","Comedy|Crime|Drama|War",-0.0199953220834736
"505","Comedy|Crime|Fantasy",-0.660006185208103
"506","Comedy|Crime|Horror",-0.454522690255101
"507","Comedy|Crime|Musical",-0.571485544213965
"508","Comedy|Crime|Musical|Mystery",-0.109114686137628
"509","Comedy|Crime|Mystery",0.034917928479755
"510","Comedy|Crime|Mystery|Romance",-0.165917887023541
"511","Comedy|Crime|Mystery|Romance|Thriller",0.578443889307545
"512","Comedy|Crime|Mystery|Thriller",0.318503586400076
"513","Comedy|Crime|Romance",-0.255524394896465
"514","Comedy|Crime|Romance|Thriller",0.195320565817249
"515","Comedy|Crime|Thriller",0.233778057207816
"516","Comedy|Crime|Western",-0.577682592905894
"517","Comedy|Documentary",0.266443308824474
"518","Comedy|Documentary|Drama",-0.742537665369662
"519","Comedy|Documentary|Musical",0.0933630192573499
"520","Comedy|Documentary|Romance",-0.912465201601546
"521","Comedy|Drama",0.0864959802163547
"522","Comedy|Drama|Fantasy",0.0855610489356975
"523","Comedy|Drama|Fantasy|Horror|Thriller",-0.442523284854208
"524","Comedy|Drama|Fantasy|Musical|Romance",-0.285192474328819
"525","Comedy|Drama|Fantasy|Mystery",0.570868131731788
"526","Comedy|Drama|Fantasy|Romance",0.119704664599734
"527","Comedy|Drama|Fantasy|Romance|Thriller",-0.0543363276346037
"528","Comedy|Drama|Fantasy|Sci-Fi",-0.387465201601546
"529","Comedy|Drama|Film-Noir",0.205337828701484
"530","Comedy|Drama|Horror",-0.273131174546395
"531","Comedy|Drama|Horror|Sci-Fi",-0.812465201601546
"532","Comedy|Drama|Horror|Sci-Fi|Thriller",-0.0530057421420864
"533","Comedy|Drama|Musical",0.107248823345214
"534","Comedy|Drama|Musical|Mystery",-0.634260073396418
"535","Comedy|Drama|Musical|Romance",0.314079866576248
"536","Comedy|Drama|Mystery",0.121471588824965
"537","Comedy|Drama|Mystery|Romance",0.222683313249939
"538","Comedy|Drama|Mystery|Thriller",-0.446200141360582
"539","Comedy|Drama|Romance",0.13335864845105
"540","Comedy|Drama|Romance|Sci-Fi",0.605472372479845
"541","Comedy|Drama|Romance|Thriller",-0.0252772909576562
"542","Comedy|Drama|Romance|War",0.497927020993157
"543","Comedy|Drama|Sci-Fi",-1.09579853493488
"544","Comedy|Drama|Sci-Fi|War",0.234086522536385
"545","Comedy|Drama|Thriller",-0.0339453333556982
"546","Comedy|Drama|War",0.325677360069241
"547","Comedy|Drama|Western",-0.2913113554477
"548","Comedy|Fantasy",-0.305801570757587
"549","Comedy|Fantasy|Horror",-0.222197415830163
"550","Comedy|Fantasy|Horror|Romance",-0.262465201601546
"551","Comedy|Fantasy|Horror|Thriller",-0.659524025130958
"552","Comedy|Fantasy|Musical",-0.834997604393171
"553","Comedy|Fantasy|Musical|Romance",0.38363869450235
"554","Comedy|Fantasy|Mystery|Sci-Fi",-0.595798534934879
"555","Comedy|Fantasy|Romance",0.0516223117389024
"556","Comedy|Fantasy|Romance|Sci-Fi",-0.126510383601425
"557","Comedy|Fantasy|Sci-Fi",-0.210728587998073
"558","Comedy|Film-Noir|Thriller",-1.8696080587444
"559","Comedy|Horror",-0.674189007559721
"560","Comedy|Horror|Musical",-0.235934112307483
"561","Comedy|Horror|Musical|Sci-Fi",-0.210220333782908
"562","Comedy|Horror|Mystery",-0.463854090490435
"563","Comedy|Horror|Mystery|Sci-Fi",-0.366631868268213
"564","Comedy|Horror|Mystery|Thriller",-0.29507389725372
"565","Comedy|Horror|Romance",0.376252171398735
"566","Comedy|Horror|Romance|Thriller",-0.883986537408596
"567","Comedy|Horror|Sci-Fi",-0.459810794939506
"568","Comedy|Horror|Thriller",-0.355091660745515
"569","Comedy|Musical",0.188661831082402
"570","Comedy|Musical|Romance",-0.00634208910967388
"571","Comedy|Musical|Romance|Western",-0.061560808836688
"572","Comedy|Musical|Sci-Fi",-0.801033459093222
"573","Comedy|Musical|Western",-0.263173416898996
"574","Comedy|Mystery",0.0202646034123817
"575","Comedy|Mystery|Romance",-0.594336546630786
"576","Comedy|Mystery|Thriller",0.469977546490057
"577","Comedy|Romance",-0.0979788443828569
"578","Comedy|Romance|Sci-Fi",-0.766924802860727
"579","Comedy|Romance|Thriller",-0.257082700456333
"580","Comedy|Romance|War",0.2240939381834
"581","Comedy|Romance|Western",-0.0509267400630843
"582","Comedy|Sci-Fi",-0.434189903949132
"583","Comedy|Sci-Fi|Thriller",-0.525318672038564
"584","Comedy|Sci-Fi|Western",-0.335270736617919
"585","Comedy|Thriller",-0.639438206469521
"586","Comedy|War",0.321436330320884
"587","Comedy|War|Western",0.0123885995680448
"588","Comedy|Western",-0.0288216086140165
"589","Crime",-0.279121441826757
"590","Crime|Documentary",-0.0124652016015458
"591","Crime|Documentary|Drama",0.132162897572008
"592","Crime|Documentary|War",-0.239737928874273
"593","Crime|Drama",0.434669534581644
"594","Crime|Drama|Fantasy",0.449635410227142
"595","Crime|Drama|Fantasy|Film-Noir|Horror",0.468197781823869
"596","Crime|Drama|Fantasy|Film-Noir|Mystery|Romance",0.0643763458282369
"597","Crime|Drama|Fantasy|Romance|Thriller",0.354588218751367
"598","Crime|Drama|Film-Noir",0.394904342357917
"599","Crime|Drama|Film-Noir|Mystery",0.267862667250913
"600","Crime|Drama|Film-Noir|Mystery|Thriller",0.291777067757003
"601","Crime|Drama|Film-Noir|Romance",-1.01246520160155
"602","Crime|Drama|Film-Noir|Romance|Thriller",0.317781711978701
"603","Crime|Drama|Film-Noir|Thriller",0.531613159930066
"604","Crime|Drama|Horror",0.304739099473723
"605","Crime|Drama|Horror|Mystery",-0.541876966307428
"606","Crime|Drama|Horror|Mystery|Thriller",-0.137897455609719
"607","Crime|Drama|Horror|Sci-Fi",-0.262465201601546
"608","Crime|Drama|Horror|Thriller",-0.531333126129848
"609","Crime|Drama|Musical",-0.357703296839641
"610","Crime|Drama|Mystery",0.189773689181498
"611","Crime|Drama|Mystery|Romance",-0.29507389725372
"612","Crime|Drama|Mystery|Romance|Thriller",-0.37668148349705
"613","Crime|Drama|Mystery|Thriller",0.256120727694919
"614","Crime|Drama|Mystery|Thriller|War",0.156979242842899
"615","Crime|Drama|Romance",0.137242925924274
"616","Crime|Drama|Romance|Thriller",0.359645738306004
"617","Crime|Drama|Sci-Fi",-0.358124365588684
"618","Crime|Drama|Sci-Fi|Thriller",0.488420166525202
"619","Crime|Drama|Thriller",0.266787585836838
"620","Crime|Drama|War",0.465690138204279
"621","Crime|Drama|Western",0.138236697655267
"622","Crime|Film-Noir",0.167209403444434
"623","Crime|Film-Noir|Mystery",0.704337975365443
"624","Crime|Film-Noir|Mystery|Thriller",0.548570013333753
"625","Crime|Film-Noir|Romance",0.254201465065121
"626","Crime|Film-Noir|Thriller",0.697691693526448
"627","Crime|Horror",-0.774702963839308
"628","Crime|Horror|Mystery",-0.0157764598796915
"629","Crime|Horror|Mystery|Sci-Fi",-1.25384451194637
"630","Crime|Horror|Mystery|Sci-Fi|Thriller",-0.496840201601546
"631","Crime|Horror|Mystery|Thriller",0.371840965799335
"632","Crime|Horror|Sci-Fi",-0.745798534934879
"633","Crime|Horror|Sci-Fi|Thriller",-0.551938885812072
"634","Crime|Horror|Thriller",0.566451763768599
"635","Crime|Musical",-0.303990625330359
"636","Crime|Mystery",0.0494110459034442
"637","Crime|Mystery|Romance|Thriller",0.529305892801127
"638","Crime|Mystery|Sci-Fi|Thriller",-0.0944324147162999
"639","Crime|Mystery|Thriller",0.686515908022134
"640","Crime|Romance|Thriller",-0.359687423823768
"641","Crime|Sci-Fi|Thriller",-1.33105303656539
"642","Crime|Thriller",-0.208888100133854
"643","Crime|Thriller|War",0.658807921358193
"644","Documentary",0.30874666002236
"645","Documentary|Drama",0.167739209372096
"646","Documentary|Drama|Musical",-0.0229915173910195
"647","Documentary|Drama|Romance|War",0.0329893438529996
"648","Documentary|Drama|War",0.111344322207978
"649","Documentary|Fantasy",0.339386650250306
"650","Documentary|Horror",-2.06335373148846
"651","Documentary|IMAX",0.161397108783518
"652","Documentary|IMAX|Musical",-0.082232643462011
"653","Documentary|Musical",0.173319112123944
"654","Documentary|Mystery",0.177189970812247
"655","Documentary|Romance",0.237534798398454
"656","Documentary|Thriller",0.353731981497046
"657","Documentary|War",0.315893007353678
"658","Drama",0.199899246043063
"659","Drama|Fantasy",0.266893261609763
"660","Drama|Fantasy|Horror",0.0725492076203562
"661","Drama|Fantasy|Horror|Mystery",-0.0124652016015458
"662","Drama|Fantasy|Horror|Mystery|Thriller",-0.0694042055187255
"663","Drama|Fantasy|Horror|Romance",-1.09428338341973
"664","Drama|Fantasy|Horror|Sci-Fi",-0.679131868268213
"665","Drama|Fantasy|Horror|Sci-Fi|Thriller",-0.588736388042224
"666","Drama|Fantasy|Horror|Thriller",-9.16378187706364e-05
"667","Drama|Fantasy|Horror|Thriller|War",0.196230450572367
"668","Drama|Fantasy|Musical",0.259185427562037
"669","Drama|Fantasy|Musical|Romance",0.455483516347172
"670","Drama|Fantasy|Mystery",0.0673057907648664
"671","Drama|Fantasy|Mystery|Romance",-0.418088989578275
"672","Drama|Fantasy|Mystery|Romance|Thriller",0.275574873539343
"673","Drama|Fantasy|Mystery|Sci-Fi",-0.0849808685666309
"674","Drama|Fantasy|Mystery|Thriller",-0.605798534934879
"675","Drama|Fantasy|Romance",0.298415475209452
"676","Drama|Fantasy|Romance|Thriller",-0.262465201601546
"677","Drama|Fantasy|Sci-Fi",0.0746807678973648
"678","Drama|Fantasy|Thriller",0.279107972170581
"679","Drama|Fantasy|War",-0.29624898538533
"680","Drama|Film-Noir",0.23105639308284
"681","Drama|Film-Noir|Horror|Mystery|Thriller",0.10291941378307
"682","Drama|Film-Noir|Mystery",0.308314019177675
"683","Drama|Film-Noir|Mystery|Romance",0.534460364741496
"684","Drama|Film-Noir|Mystery|Thriller",0.380468417242137
"685","Drama|Film-Noir|Romance",0.791649887056868
"686","Drama|Film-Noir|Thriller",0.33619251651926
"687","Drama|Horror",-0.155517869654214
"688","Drama|Horror|Musical",-0.882835571971916
"689","Drama|Horror|Musical|Thriller",0.112383283246939
"690","Drama|Horror|Mystery",-0.0124652016015458
"691","Drama|Horror|Mystery|Sci-Fi|Thriller",-0.0124652016015458
"692","Drama|Horror|Mystery|Thriller",-0.181370088767543
"693","Drama|Horror|Romance",0.398425887507365
"694","Drama|Horror|Romance|Thriller",-0.378811914806898
"695","Drama|Horror|Sci-Fi",-0.0671667551583733
"696","Drama|Horror|Sci-Fi|Thriller",-0.142319016128727
"697","Drama|Horror|Sci-Fi|Thriller|War",-0.0862659396089259
"698","Drama|Horror|Thriller",-0.100070182777335
"699","Drama|Horror|War",0.287534798398454
"700","Drama|Musical",-0.0752430227042519
"701","Drama|Musical|Romance",0.0351762233895032
"702","Drama|Musical|Romance|War",0.195202530027847
"703","Drama|Musical|Thriller",-0.137465201601546
"704","Drama|Musical|War",0.150068765789759
"705","Drama|Mystery",0.346130186239125
"706","Drama|Mystery|Romance",0.245446300372002
"707","Drama|Mystery|Romance|Sci-Fi|Thriller",0.106715431545568
"708","Drama|Mystery|Romance|Thriller",0.145029388725374
"709","Drama|Mystery|Romance|War",0.361656578257939
"710","Drama|Mystery|Sci-Fi",0.213545661403886
"711","Drama|Mystery|Sci-Fi|Thriller",0.418931504402863
"712","Drama|Mystery|Thriller",0.213222135672685
"713","Drama|Mystery|War",-0.10175091588726
"714","Drama|Mystery|Western",0.384360195223851
"715","Drama|Romance",0.0930060636526422
"716","Drama|Romance|Sci-Fi",-0.382929336622643
"717","Drama|Romance|Sci-Fi|Thriller",0.432589743453399
"718","Drama|Romance|Thriller",-0.0329150993520571
"719","Drama|Romance|Thriller|War",0.10137408411274
"720","Drama|Romance|War",0.208348984635098
"721","Drama|Romance|War|Western",-0.0078597194131095
"722","Drama|Romance|Western",-0.236845366890802
"723","Drama|Sci-Fi",0.0516977574842083
"724","Drama|Sci-Fi|Thriller",-0.00366462687013482
"725","Drama|Sci-Fi|War",0.444174364794118
"726","Drama|Thriller",-0.0661202819809836
"727","Drama|Thriller|War",0.228291918511668
"728","Drama|Thriller|Western",0.380391941255597
"729","Drama|War",0.469611553120193
"730","Drama|War|Western",0.148118740004294
"731","Drama|Western",0.349896080765902
"732","Fantasy",-0.000837294624801664
"733","Fantasy|Horror",-0.343612161360454
"734","Fantasy|Horror|Mystery",-0.201401983210741
"735","Fantasy|Horror|Mystery|Romance",0.0163017086767934
"736","Fantasy|Horror|Mystery|Thriller",-0.36205197846105
"737","Fantasy|Horror|Romance|Thriller",-0.0933876334673739
"738","Fantasy|Horror|Sci-Fi",-1.17913186826821
"739","Fantasy|Horror|Sci-Fi|Thriller",0.0118011640869417
"740","Fantasy|Horror|Thriller",-0.92241614764219
"741","Fantasy|Musical",-0.333893773030117
"742","Fantasy|Musical|Romance",-0.668715201601546
"743","Fantasy|Mystery|Sci-Fi|War",-1.01246520160155
"744","Fantasy|Mystery|Thriller",-0.229636918773263
"745","Fantasy|Mystery|Western",-0.312465201601546
"746","Fantasy|Romance",-0.334833622654177
"747","Fantasy|Sci-Fi",-0.15463154589555
"748","Fantasy|Sci-Fi|Thriller",-0.137183796828921
"749","Fantasy|Western",0.418569281157075
"750","Film-Noir",0.318010988874645
"751","Film-Noir|Horror",-0.533298534934879
"752","Film-Noir|Horror|Thriller",-0.0124652016015458
"753","Film-Noir|Mystery",0.727013756314286
"754","Film-Noir|Mystery|Thriller",0.65183297840344
"755","Film-Noir|Romance|Thriller",0.704004427424137
"756","Film-Noir|Thriller",0.477225520047939
"757","Horror",-0.633191728413499
"758","Horror|Musical|Mystery|Thriller",0.1639196380486
"759","Horror|Musical|Thriller",0.0292014650651208
"760","Horror|Mystery",0.0168394341600436
"761","Horror|Mystery|Sci-Fi",-0.777771324050525
"762","Horror|Mystery|Sci-Fi|Thriller",0.0282080101796603
"763","Horror|Mystery|Thriller",-0.428821953241278
"764","Horror|Romance",-0.185119892220308
"765","Horror|Romance|Thriller",-0.387465201601546
"766","Horror|Sci-Fi",-0.596797543917968
"767","Horror|Sci-Fi|Thriller",-0.478009071572863
"768","Horror|Thriller",-0.396145201601546
"769","Horror|War|Western",-0.179131868268213
"770","Horror|Western",-0.380309724569744
"771","IMAX",-1.19103663017297
"772","Musical",-0.0628417271793179
"773","Musical|Romance",0.200758842114301
"774","Musical|Romance|War",0.0188119487025376
"775","Musical|Romance|Western",-0.0193380538352228
"776","Musical|Sci-Fi",-0.552465201601546
"777","Musical|War",0.406975544070891
"778","Musical|Western",-0.324732859594111
"779","Mystery",-0.451489591845448
"780","Mystery|Romance|Thriller",0.279957267678735
"781","Mystery|Sci-Fi",0.0402504533505308
"782","Mystery|Sci-Fi|Thriller",-0.111288731013311
"783","Mystery|Thriller",0.198729304945883
"784","Mystery|Western",-0.469608058744403
"785","Romance",-0.245937258676457
"786","Romance|Sci-Fi",-0.332620240361236
"787","Romance|Thriller",-0.251407753711358
"788","Romance|War",-0.21548144290085
"789","Romance|Western",0.00932513997678159
"790","Sci-Fi",-0.583428164564509
"791","Sci-Fi|Thriller",0.0484259245167227
"792","Thriller",0.017525713443562
"793","Thriller|War",0.0485104081545517
"794","Thriller|Western",-0.179131868268213
"795","War",0.161882624485411
"796","War|Western",-0.155322344458689
"797","Western",0.0234498310781927
