"","genres","b_g"
"1","(no genres listed)",0.17098771659633
"2","Action",-0.038350328718707
"3","Action|Adventure",-0.0109326320820462
"4","Action|Adventure|Animation|Children|Comedy",0.0126758255211078
"5","Action|Adventure|Animation|Children|Comedy|Fantasy",-0.0250793989617365
"6","Action|Adventure|Animation|Children|Comedy|IMAX",0.00359424461068021
"7","Action|Adventure|Animation|Children|Comedy|Sci-Fi",0.012590623091425
"8","Action|Adventure|Animation|Children|Fantasy",-0.0785293817651627
"9","Action|Adventure|Animation|Children|Sci-Fi",-0.066967466418832
"10","Action|Adventure|Animation|Comedy|Drama",0.0599186535415157
"11","Action|Adventure|Animation|Comedy|Sci-Fi",0.160824778428192
"12","Action|Adventure|Animation|Drama|Fantasy",0.0378703388611327
"13","Action|Adventure|Animation|Drama|Fantasy|Sci-Fi",0.0646730941777027
"14","Action|Adventure|Animation|Fantasy",0.0484660164563486
"15","Action|Adventure|Animation|Fantasy|Sci-Fi",0.00450588477320435
"16","Action|Adventure|Animation|Horror|Sci-Fi",-0.0299416674036119
"17","Action|Adventure|Animation|Mystery|Romance",0.0590540750865171
"18","Action|Adventure|Animation|Sci-Fi",0.00337383668833767
"19","Action|Adventure|Animation|Sci-Fi|Thriller",-0.007446016891893
"20","Action|Adventure|Children",-0.00421606078384652
"21","Action|Adventure|Children|Comedy",-0.0174721850772405
"22","Action|Adventure|Children|Comedy|Crime",-0.0635827362493963
"23","Action|Adventure|Children|Comedy|Fantasy|Sci-Fi",-0.0256257579290032
"24","Action|Adventure|Children|Comedy|Mystery",-0.00296051142978009
"25","Action|Adventure|Children|Crime|Mystery|Thriller",0.0869747190882976
"26","Action|Adventure|Children|Fantasy",0.00807668921226726
"27","Action|Adventure|Comedy",0.00122927579197001
"28","Action|Adventure|Comedy|Crime",-0.0395079918143435
"29","Action|Adventure|Comedy|Crime|Drama",0.121912092236706
"30","Action|Adventure|Comedy|Crime|Drama|Romance",0.0259745443067657
"31","Action|Adventure|Comedy|Crime|Horror|Thriller",0.0472172316497951
"32","Action|Adventure|Comedy|Crime|Romance|Thriller",0.0185542610593988
"33","Action|Adventure|Comedy|Crime|Sci-Fi",0.0755478870580999
"34","Action|Adventure|Comedy|Crime|Thriller",0.039190142760684
"35","Action|Adventure|Comedy|Drama",-0.117095509655999
"36","Action|Adventure|Comedy|Drama|Fantasy|Horror|Sci-Fi|Thriller",0.0797986312465711
"37","Action|Adventure|Comedy|Drama|Romance",0.0389814662164424
"38","Action|Adventure|Comedy|Drama|Romance|Thriller",0.0281158998165413
"39","Action|Adventure|Comedy|Drama|Thriller",0.00996666176600327
"40","Action|Adventure|Comedy|Drama|War",0.0225846951678841
"41","Action|Adventure|Comedy|Fantasy",0.00540717446245979
"42","Action|Adventure|Comedy|Fantasy|Horror",-0.000501730984559499
"43","Action|Adventure|Comedy|Fantasy|Mystery",0.0091779295780713
"44","Action|Adventure|Comedy|Fantasy|Romance",-0.0262880719747893
"45","Action|Adventure|Comedy|Fantasy|Sci-Fi",0.0405313761691059
"46","Action|Adventure|Comedy|Fantasy|Sci-Fi|Western",-0.0189914223414397
"47","Action|Adventure|Comedy|Musical",0.00798454377707225
"48","Action|Adventure|Comedy|Romance",-0.00509694374880047
"49","Action|Adventure|Comedy|Romance|Thriller",-0.0446197223251413
"50","Action|Adventure|Comedy|Sci-Fi",0.00266989012247152
"51","Action|Adventure|Comedy|Thriller",-0.0370815120797131
"52","Action|Adventure|Comedy|War",-0.0491241061473367
"53","Action|Adventure|Comedy|Western",-0.0133859733337701
"54","Action|Adventure|Crime",0.00234501687247577
"55","Action|Adventure|Crime|Drama",0.0159325414557257
"56","Action|Adventure|Crime|Drama|Mystery|Thriller",0.0673148065163686
"57","Action|Adventure|Crime|Drama|Romance|Thriller",0.0413361727581443
"58","Action|Adventure|Crime|Drama|Western",0.0785400844285948
"59","Action|Adventure|Crime|Mystery|Thriller",-0.107529491044362
"60","Action|Adventure|Crime|Sci-Fi|Thriller",-0.0134356257266918
"61","Action|Adventure|Crime|Thriller",-0.013401716151179
"62","Action|Adventure|Documentary",-0.0185932908713245
"63","Action|Adventure|Drama",0.00666886465066767
"64","Action|Adventure|Drama|Fantasy",0.0155385370747825
"65","Action|Adventure|Drama|Fantasy|Sci-Fi",-0.126517268838254
"66","Action|Adventure|Drama|Fantasy|Thriller",0.0188971198915222
"67","Action|Adventure|Drama|Mystery|Thriller",0.013309877779591
"68","Action|Adventure|Drama|Romance",-0.00337271656296611
"69","Action|Adventure|Drama|Romance|Thriller|Western",0.0754711046980087
"70","Action|Adventure|Drama|Romance|War",0.051022924578897
"71","Action|Adventure|Drama|Sci-Fi",-0.0410267180900773
"72","Action|Adventure|Drama|Sci-Fi|Thriller",0.0316826304311466
"73","Action|Adventure|Drama|Thriller",-0.00246782720689948
"74","Action|Adventure|Drama|Thriller|War",-0.0392673486995535
"75","Action|Adventure|Drama|Thriller|Western",0.0537435487972651
"76","Action|Adventure|Drama|War",0.0265242366085066
"77","Action|Adventure|Drama|War|Western",0.0284530400177184
"78","Action|Adventure|Drama|Western",0.0158141253140448
"79","Action|Adventure|Fantasy",0.00261070690891269
"80","Action|Adventure|Fantasy|Horror",0.034212504399431
"81","Action|Adventure|Fantasy|Horror|Romance",0.104879679266643
"82","Action|Adventure|Fantasy|Horror|Thriller",-0.0118442987874645
"83","Action|Adventure|Fantasy|Mystery",-0.0469354287552879
"84","Action|Adventure|Fantasy|Sci-Fi",0.011779469180762
"85","Action|Adventure|Fantasy|Sci-Fi|Thriller",-0.012588935456078
"86","Action|Adventure|Fantasy|Thriller",0.000254745517742638
"87","Action|Adventure|Fantasy|War",-0.150633474592512
"88","Action|Adventure|Horror",-0.00268583104805494
"89","Action|Adventure|Horror|Sci-Fi|Thriller",-0.015867127846622
"90","Action|Adventure|Horror|Thriller",0.0017963918361462
"91","Action|Adventure|Mystery",0.0137241276805734
"92","Action|Adventure|Mystery|Sci-Fi",-0.0667226722091699
"93","Action|Adventure|Mystery|Thriller",-0.0438563719083262
"94","Action|Adventure|Romance",-0.0118297330223673
"95","Action|Adventure|Romance|Sci-Fi|Thriller",0.0209296079458943
"96","Action|Adventure|Romance|Thriller",-0.061870007699473
"97","Action|Adventure|Romance|War",0.0207286457829928
"98","Action|Adventure|Sci-Fi",-0.0193662738472435
"99","Action|Adventure|Sci-Fi|Thriller",-0.0202265023989611
"100","Action|Adventure|Sci-Fi|War",-0.050002920715712
"101","Action|Adventure|Sci-Fi|Western",0.00871348583104748
"102","Action|Adventure|Thriller",-0.0305199284873247
"103","Action|Adventure|War",0.0341376490775589
"104","Action|Adventure|War|Western",0.198710825059795
"105","Action|Adventure|Western",0.00308965126570786
"106","Action|Animation|Children|Comedy",0.00973325688181453
"107","Action|Animation|Children|Comedy|Musical",0.15825557547159
"108","Action|Animation|Children|Fantasy",-0.0312109363112845
"109","Action|Animation|Comedy|Horror",-0.293422410025321
"110","Action|Animation|Drama|Sci-Fi",0.0199208049083632
"111","Action|Animation|Drama|Sci-Fi|Thriller",0.0635374863473018
"112","Action|Animation|Fantasy",0.00600075702577722
"113","Action|Animation|Fantasy|Sci-Fi",0.0259042381844722
"114","Action|Animation|Film-Noir|Sci-Fi|Thriller",0.0611852408735921
"115","Action|Animation|Sci-Fi",0.0572068753075821
"116","Action|Children",-0.0335208387238319
"117","Action|Children|Comedy",0.00814680166320153
"118","Action|Children|Comedy|Fantasy|Sci-Fi",0.0174218558708196
"119","Action|Children|Fantasy",0.0107092074667328
"120","Action|Comedy",0.00686707169236935
"121","Action|Comedy|Crime",0.0187981538763957
"122","Action|Comedy|Crime|Drama",0.00306266860368092
"123","Action|Comedy|Crime|Drama|Horror|Thriller",0.108224498961102
"124","Action|Comedy|Crime|Drama|Thriller",0.0016866274253139
"125","Action|Comedy|Crime|Fantasy",-0.0403510895727601
"126","Action|Comedy|Crime|Horror|Thriller",0.069008520002951
"127","Action|Comedy|Crime|Romance",0.0340745462799181
"128","Action|Comedy|Crime|Thriller",-0.00481789545524234
"129","Action|Comedy|Crime|Western",0.0483509550705272
"130","Action|Comedy|Drama",-0.0126058754652148
"131","Action|Comedy|Drama|Fantasy",-0.0371113808881481
"132","Action|Comedy|Drama|Romance",-0.08360477785558
"133","Action|Comedy|Drama|Thriller",0.131956150922418
"134","Action|Comedy|Fantasy",-0.0052547364393949
"135","Action|Comedy|Fantasy|Horror",0.0207328735626242
"136","Action|Comedy|Fantasy|Horror|Sci-Fi",0.0226347984054622
"137","Action|Comedy|Fantasy|Sci-Fi",-0.0145710797787069
"138","Action|Comedy|Horror",-0.00136578133088493
"139","Action|Comedy|Horror|Sci-Fi",0.0360675759455289
"140","Action|Comedy|Horror|Thriller",0.00974214626133859
"141","Action|Comedy|Musical",0.0100157780070478
"142","Action|Comedy|Musical|Sci-Fi",-0.0128873406667124
"143","Action|Comedy|Mystery|Thriller",0.0511939274419025
"144","Action|Comedy|Romance",-0.0429642338213571
"145","Action|Comedy|Romance|Thriller",0.00743874223851695
"146","Action|Comedy|Romance|War",0.0721853192963844
"147","Action|Comedy|Romance|Western",0.190603539522807
"148","Action|Comedy|Sci-Fi",-0.0138017179982098
"149","Action|Comedy|Sci-Fi|Thriller",0.134234166558367
"150","Action|Comedy|Thriller",0.0449824135446014
"151","Action|Comedy|Thriller|Western",-0.0899123115827827
"152","Action|Comedy|War",-0.00959149714893514
"153","Action|Comedy|Western",0.000662614902957185
"154","Action|Crime",0.0103874268207823
"155","Action|Crime|Drama",0.0255458105356273
"156","Action|Crime|Drama|Film-Noir|Mystery",0.0530455438354563
"157","Action|Crime|Drama|Film-Noir|Thriller",0.0736486515435089
"158","Action|Crime|Drama|Horror|Thriller",0.0487884411540963
"159","Action|Crime|Drama|IMAX",-0.00335734193197028
"160","Action|Crime|Drama|Musical",-0.036426789480651
"161","Action|Crime|Drama|Mystery",0.181102298052363
"162","Action|Crime|Drama|Mystery|Sci-Fi|Thriller",0.00439441041271707
"163","Action|Crime|Drama|Mystery|Thriller",0.0132869022619766
"164","Action|Crime|Drama|Romance",-0.0810179982836
"165","Action|Crime|Drama|Romance|Thriller",0.105378437609398
"166","Action|Crime|Drama|Romance|Thriller|War",0.0213780374625915
"167","Action|Crime|Drama|Romance|Western",0.151434884356095
"168","Action|Crime|Drama|Sci-Fi",0.00120552477676149
"169","Action|Crime|Drama|Thriller",0.0168751806574915
"170","Action|Crime|Drama|War",-0.150384540711308
"171","Action|Crime|Drama|Western",0.039042196848893
"172","Action|Crime|Fantasy",0.0275678134981665
"173","Action|Crime|Fantasy|Mystery|Romance|Thriller",0.0148516738106081
"174","Action|Crime|Fantasy|Thriller",-0.0153006910054948
"175","Action|Crime|Film-Noir",0.208549204248329
"176","Action|Crime|Film-Noir|Thriller",0.0272632493001193
"177","Action|Crime|Horror",-0.0521009597000706
"178","Action|Crime|Horror|Mystery|Thriller",0.0724174518381386
"179","Action|Crime|Horror|Sci-Fi|Thriller",0.0479870047074288
"180","Action|Crime|Mystery|Romance|Thriller",-0.0129118343614856
"181","Action|Crime|Mystery|Sci-Fi|Thriller",0.00583050171135896
"182","Action|Crime|Mystery|Thriller",-0.00501916294071852
"183","Action|Crime|Romance",0.0172217404741958
"184","Action|Crime|Romance|Thriller",0.0112899712493644
"185","Action|Crime|Sci-Fi",-0.014689949569746
"186","Action|Crime|Sci-Fi|Thriller",-0.043289137826547
"187","Action|Crime|Thriller",-0.0220730544675962
"188","Action|Crime|Thriller|War",-0.0246282922267887
"189","Action|Crime|Thriller|Western",0.0367746809762886
"190","Action|Crime|Western",0.0322826807707101
"191","Action|Drama",0.0195738456961746
"192","Action|Drama|Fantasy",-0.0573948026955342
"193","Action|Drama|Fantasy|Romance",0.0480883505201274
"194","Action|Drama|Fantasy|Sci-Fi",0.0508782595228545
"195","Action|Drama|Fantasy|Sci-Fi|Thriller|War",0.0347072177254804
"196","Action|Drama|Horror",0.0914127089097791
"197","Action|Drama|Horror|Sci-Fi",-0.346474931958584
"198","Action|Drama|Horror|Sci-Fi|Thriller",0.0237176938033966
"199","Action|Drama|Horror|Thriller",0.0604809682621841
"200","Action|Drama|Musical|Romance",-0.294091766652717
"201","Action|Drama|Musical|War",-0.0248219136648015
"202","Action|Drama|Mystery",0.00624727241765281
"203","Action|Drama|Mystery|Romance|Thriller",0.0136766702545104
"204","Action|Drama|Romance",-0.00982712836782775
"205","Action|Drama|Romance|Sci-Fi",-0.0329020626857351
"206","Action|Drama|Romance|Thriller",0.0254335596818509
"207","Action|Drama|Romance|War",0.00660582972127187
"208","Action|Drama|Romance|Western",0.0765878397442424
"209","Action|Drama|Sci-Fi",0.0121179112843567
"210","Action|Drama|Sci-Fi|Thriller",-0.0399915161244863
"211","Action|Drama|Thriller",-0.0130019706107586
"212","Action|Drama|Thriller|War",0.137634344376992
"213","Action|Drama|Thriller|Western",0.0374739913375405
"214","Action|Drama|War",-0.00435765672899672
"215","Action|Drama|War|Western",0.0222917968340357
"216","Action|Drama|Western",-0.0220963612380448
"217","Action|Fantasy",-0.0232166173535668
"218","Action|Fantasy|Horror",0.0241609168805641
"219","Action|Fantasy|Horror|Mystery|Sci-Fi|Thriller",0.0693885208659713
"220","Action|Fantasy|Horror|Romance",0.151344056592773
"221","Action|Fantasy|Horror|Thriller",0.0213992610663639
"222","Action|Fantasy|Mystery|Thriller",0.0450198726020642
"223","Action|Fantasy|Romance",0.210791922781739
"224","Action|Fantasy|Sci-Fi",0.00239715397445788
"225","Action|Fantasy|Sci-Fi|Thriller",0.0895883540781906
"226","Action|Fantasy|Thriller",0.00251356019518031
"227","Action|Fantasy|War",0.00393001625078676
"228","Action|Horror",0.00365764372327948
"229","Action|Horror|Mystery",-0.000594064857121761
"230","Action|Horror|Mystery|Sci-Fi",-0.0825271997155168
"231","Action|Horror|Mystery|Thriller",-0.0180843313663184
"232","Action|Horror|Sci-Fi",-0.000367149637433902
"233","Action|Horror|Sci-Fi|Thriller",-0.00383488024404485
"234","Action|Horror|Thriller",0.00545627999976577
"235","Action|Mystery",-0.0191916546753744
"236","Action|Mystery|Sci-Fi",-0.0113832753327127
"237","Action|Mystery|Sci-Fi|Thriller",0.0144058295385156
"238","Action|Mystery|Thriller",-0.0163714784137095
"239","Action|Romance",0.00856848064096835
"240","Action|Romance|Sci-Fi|Thriller",-0.00132019732115461
"241","Action|Romance|Thriller",-0.0267549268376745
"242","Action|Romance|War|Western",-0.00786725543904998
"243","Action|Romance|Western",-0.228165379222691
"244","Action|Sci-Fi",-0.0262288582549441
"245","Action|Sci-Fi|Thriller",-0.0131744092219497
"246","Action|Sci-Fi|Thriller|Western",-0.0199706145179423
"247","Action|Sci-Fi|War",-0.00341361876962567
"248","Action|Sci-Fi|Western",-0.0827625640929531
"249","Action|Thriller",-0.0196256816575474
"250","Action|Thriller|War",-0.00447737342194545
"251","Action|War",0.0137825689649543
"252","Action|War|Western",0.159054481735377
"253","Action|Western",0.0185252681733655
"254","Adventure",0.0126189329859811
"255","Adventure|Animation",0.0809801410346332
"256","Adventure|Animation|Children",0.0227213342105214
"257","Adventure|Animation|Children|Comedy",0.000829967561516471
"258","Adventure|Animation|Children|Comedy|Crime|Fantasy|Mystery",-5.02946702035716e-05
"259","Adventure|Animation|Children|Comedy|Drama",-0.034592490931552
"260","Adventure|Animation|Children|Comedy|Drama|Fantasy|Mystery",0.0467344613561909
"261","Adventure|Animation|Children|Comedy|Fantasy",-0.0311874554633764
"262","Adventure|Animation|Children|Comedy|Fantasy|Musical",-0.0348957238769535
"263","Adventure|Animation|Children|Comedy|Fantasy|Musical|Romance",0.0212334240292318
"264","Adventure|Animation|Children|Comedy|Fantasy|Romance",0.00976501097291794
"265","Adventure|Animation|Children|Comedy|Fantasy|Sci-Fi",-0.0408447594595709
"266","Adventure|Animation|Children|Comedy|Fantasy|War",0.075487367177592
"267","Adventure|Animation|Children|Comedy|Musical",-0.0535540432641747
"268","Adventure|Animation|Children|Comedy|Musical|Romance",0.0163970281754966
"269","Adventure|Animation|Children|Comedy|Romance|Sci-Fi",0.00710473557926909
"270","Adventure|Animation|Children|Comedy|Sci-Fi",0.0255411729390799
"271","Adventure|Animation|Children|Crime|Drama|Fantasy",-0.0051370868874117
"272","Adventure|Animation|Children|Drama",-0.0075963995152692
"273","Adventure|Animation|Children|Drama|Fantasy",0.023409692391317
"274","Adventure|Animation|Children|Drama|Musical",-0.0485360232043943
"275","Adventure|Animation|Children|Drama|Sci-Fi",-0.00953776818349344
"276","Adventure|Animation|Children|Fantasy",0.0321420101246923
"277","Adventure|Animation|Children|Fantasy|IMAX",0.00418977188738074
"278","Adventure|Animation|Children|Fantasy|Sci-Fi",-0.0153866534819475
"279","Adventure|Animation|Children|Musical",-0.0233519790899097
"280","Adventure|Animation|Children|Sci-Fi",-0.0149041984277319
"281","Adventure|Animation|Comedy",0.0197268050349144
"282","Adventure|Animation|Comedy|Crime",-0.00270144517443512
"283","Adventure|Animation|Comedy|Fantasy",0.017699431367335
"284","Adventure|Animation|Comedy|Fantasy|Musical",0.014438642739256
"285","Adventure|Animation|Comedy|Fantasy|Romance",0.0915551636787838
"286","Adventure|Animation|Drama",0.148968605723844
"287","Adventure|Animation|Drama|Fantasy|Sci-Fi",0.0842703283473439
"288","Adventure|Animation|Fantasy|Romance|Sci-Fi",0.0580707558424094
"289","Adventure|Animation|Fantasy|Sci-Fi",-0.00090720820448199
"290","Adventure|Animation|Musical|Sci-Fi",0.0120793600654701
"291","Adventure|Children",-0.0710692078855221
"292","Adventure|Children|Comedy",-0.0416633563148204
"293","Adventure|Children|Comedy|Drama",-0.01018630042449
"294","Adventure|Children|Comedy|Fantasy",0.00864087916593318
"295","Adventure|Children|Comedy|Fantasy|Musical",0.0359599050963118
"296","Adventure|Children|Comedy|Fantasy|Romance",-0.133914973864402
"297","Adventure|Children|Comedy|Fantasy|Sci-Fi",0.0109724265697424
"298","Adventure|Children|Comedy|Musical",-0.0726330106410049
"299","Adventure|Children|Drama",-0.029996774372602
"300","Adventure|Children|Drama|Fantasy",0.0429489119975091
"301","Adventure|Children|Drama|Fantasy|Sci-Fi",-0.0625775174748595
"302","Adventure|Children|Drama|Fantasy|War",0.0335656525686298
"303","Adventure|Children|Drama|Romance",-0.0190638855194611
"304","Adventure|Children|Fantasy",-0.0175323431983677
"305","Adventure|Children|Fantasy|Musical",-0.00916690948258016
"306","Adventure|Children|Fantasy|Sci-Fi",-0.027882818623631
"307","Adventure|Children|Fantasy|Western",-0.0249992698250535
"308","Adventure|Children|Musical",-0.0280579633909472
"309","Adventure|Children|Romance",-0.078260093445322
"310","Adventure|Children|Sci-Fi",-0.0429459437132672
"311","Adventure|Comedy",0.0130562961532067
"312","Adventure|Comedy|Crime",0.0218823829106977
"313","Adventure|Comedy|Crime|Drama|Fantasy",0.0703362125592641
"314","Adventure|Comedy|Crime|Drama|Romance",0.0537767678527773
"315","Adventure|Comedy|Crime|Mystery",-0.117726254212517
"316","Adventure|Comedy|Crime|Romance",0.0535473489183767
"317","Adventure|Comedy|Crime|Thriller",0.0495775896013828
"318","Adventure|Comedy|Documentary",0.042741542267349
"319","Adventure|Comedy|Drama",0.00741329131958698
"320","Adventure|Comedy|Drama|Fantasy",-0.206825651223228
"321","Adventure|Comedy|Drama|Fantasy|Mystery|Sci-Fi",0.219957625165532
"322","Adventure|Comedy|Drama|Musical",0.0201526965720954
"323","Adventure|Comedy|Drama|Romance",0.0569074821150535
"324","Adventure|Comedy|Drama|War",0.0532007465712336
"325","Adventure|Comedy|Drama|Western",-0.00953920121700217
"326","Adventure|Comedy|Fantasy",0.0319115031138346
"327","Adventure|Comedy|Fantasy|Musical",0.0381408878692268
"328","Adventure|Comedy|Fantasy|Romance",-0.217797802588233
"329","Adventure|Comedy|Fantasy|Sci-Fi",-0.111441522868948
"330","Adventure|Comedy|Horror",0.0557122268091587
"331","Adventure|Comedy|Horror|Romance",-0.00869261431160255
"332","Adventure|Comedy|Musical",0.017855507428165
"333","Adventure|Comedy|Musical|Romance",0.0382166869587416
"334","Adventure|Comedy|Romance",0.00345620428711931
"335","Adventure|Comedy|Romance|War",-0.00759921849817794
"336","Adventure|Comedy|Sci-Fi",-0.0110273983945006
"337","Adventure|Comedy|Thriller",0.102437444569993
"338","Adventure|Comedy|War",0.0879576207236046
"339","Adventure|Comedy|Western",-0.031192131893053
"340","Adventure|Crime|Drama",0.113908258793068
"341","Adventure|Crime|Drama|Thriller",0.0641494642991869
"342","Adventure|Crime|Drama|Thriller|War",0.00650663267001292
"343","Adventure|Crime|Horror|Thriller",0.0232030742227192
"344","Adventure|Crime|Sci-Fi|Thriller",-0.0119141996314312
"345","Adventure|Crime|Thriller",0.0330223829465518
"346","Adventure|Crime|Western",0.0674175735547588
"347","Adventure|Documentary",0.0567596082260151
"348","Adventure|Documentary|IMAX",-0.0237111153845638
"349","Adventure|Drama",-0.00836589351201289
"350","Adventure|Drama|Fantasy",0.0597337294630293
"351","Adventure|Drama|Fantasy|IMAX",0.000232525524574165
"352","Adventure|Drama|Fantasy|Mystery|Sci-Fi",0.0388318812586387
"353","Adventure|Drama|Fantasy|Romance",-0.0221212648127066
"354","Adventure|Drama|Fantasy|Thriller",0.0831956694063268
"355","Adventure|Drama|Film-Noir|Sci-Fi|Thriller",0.00506942872462479
"356","Adventure|Drama|Horror|Mystery|Thriller",-0.0839996615154124
"357","Adventure|Drama|Horror|Sci-Fi|Thriller",0.0159529777745017
"358","Adventure|Drama|Horror|Thriller",0.00101635577852891
"359","Adventure|Drama|Mystery|Thriller",0.0518320875612677
"360","Adventure|Drama|Romance",0.0208166267481222
"361","Adventure|Drama|Romance|Sci-Fi",-0.0246358098517182
"362","Adventure|Drama|Romance|Sci-Fi|Thriller",-0.134223564773785
"363","Adventure|Drama|Romance|Thriller",0.088830140611651
"364","Adventure|Drama|Romance|War",0.00914674978087529
"365","Adventure|Drama|Romance|Western",0.0323676594525168
"366","Adventure|Drama|Sci-Fi",0.0178278691345253
"367","Adventure|Drama|Sci-Fi|Thriller",0.0258960971852109
"368","Adventure|Drama|Sci-Fi|War",0.0279598101856021
"369","Adventure|Drama|Thriller",0.0201572558221989
"370","Adventure|Drama|Thriller|War",0.0705505160747134
"371","Adventure|Drama|War",0.017260921104345
"372","Adventure|Drama|War|Western",0.000754723074843425
"373","Adventure|Drama|Western",-0.0408401257109186
"374","Adventure|Fantasy",-0.0111600305480776
"375","Adventure|Fantasy|Film-Noir|Mystery|Sci-Fi",0.224716743022593
"376","Adventure|Fantasy|Film-Noir|Sci-Fi|Thriller",0.0110584451229781
"377","Adventure|Fantasy|Mystery",0.0529609325554842
"378","Adventure|Fantasy|Romance",0.00419702221992197
"379","Adventure|Fantasy|Sci-Fi",0.0159836041488479
"380","Adventure|Fantasy|Thriller",0.0130248199413803
"381","Adventure|Horror",0.00600648990797061
"382","Adventure|Horror|Mystery|Thriller",-0.0180554682997139
"383","Adventure|Horror|Romance|Sci-Fi",0.067639852236798
"384","Adventure|Horror|Sci-Fi",-0.017932065577482
"385","Adventure|Horror|Thriller",-0.0679831957128452
"386","Adventure|IMAX|Romance",0.0370064918221191
"387","Adventure|Musical",-0.0098732249643644
"388","Adventure|Musical|Romance",0.100183981123314
"389","Adventure|Mystery",-0.00797097561287293
"390","Adventure|Mystery|Thriller",0.0183739143234491
"391","Adventure|Romance",0.00227376255997876
"392","Adventure|Romance|War|Western",0.107256892501061
"393","Adventure|Romance|Western",0.038371973151346
"394","Adventure|Sci-Fi",0.00248427156863894
"395","Adventure|Sci-Fi|Thriller",-0.0221877479447457
"396","Adventure|Thriller",-0.0150446410237665
"397","Adventure|War",0.0544934081576613
"398","Adventure|War|Western",0.0728820944389437
"399","Adventure|Western",0.0330046898038774
"400","Animation",0.070662340372804
"401","Animation|Children",-0.0237936993699756
"402","Animation|Children|Comedy",0.000975688148902188
"403","Animation|Children|Comedy|Crime",0.0231470494718836
"404","Animation|Children|Comedy|Fantasy",0.00110195619872664
"405","Animation|Children|Comedy|Musical",-0.00198251664580754
"406","Animation|Children|Comedy|Musical|Romance",-0.0182506764697233
"407","Animation|Children|Comedy|Musical|Western",-0.0437999427142949
"408","Animation|Children|Comedy|Romance",-0.10508920962434
"409","Animation|Children|Drama",-0.00877091463956659
"410","Animation|Children|Drama|Fantasy|Musical",-0.0236965584671471
"411","Animation|Children|Drama|Musical",-0.012985412143651
"412","Animation|Children|Fantasy",0.0371811038986969
"413","Animation|Children|Fantasy|Musical",-0.016552365081065
"414","Animation|Children|Fantasy|Musical|Romance",-0.0535055830478945
"415","Animation|Children|Fantasy|War",-0.0250718922148293
"416","Animation|Children|IMAX|Musical",-0.0240652840045342
"417","Animation|Children|Musical",-0.0434240847429868
"418","Animation|Children|Musical|Romance",-0.0433121937745743
"419","Animation|Children|Western",-0.0194193158365586
"420","Animation|Comedy",0.034183681965817
"421","Animation|Comedy|Drama|Fantasy",0.0466376766755987
"422","Animation|Comedy|Drama|Fantasy|Sci-Fi",0.0945049313697181
"423","Animation|Comedy|Drama|Romance|Sci-Fi",0.100447793095239
"424","Animation|Comedy|Fantasy",0.0854142710070366
"425","Animation|Comedy|Fantasy|Musical",0.0885683158732301
"426","Animation|Comedy|Fantasy|Musical|Romance",0.0593131409543702
"427","Animation|Comedy|Fantasy|Sci-Fi",0.0538135891091355
"428","Animation|Comedy|Musical",0.0144665747963434
"429","Animation|Comedy|Sci-Fi",0.0162634740163655
"430","Animation|Comedy|Thriller",0.100567904104255
"431","Animation|Comedy|War",0.0673784174611988
"432","Animation|Crime|Mystery",0.08653096204863
"433","Animation|Documentary",0.155054838203547
"434","Animation|Documentary|War",0.202680206410443
"435","Animation|Drama",0.109125930837167
"436","Animation|Drama|Fantasy",0.0782453255302262
"437","Animation|Drama|Mystery|Sci-Fi|Thriller",0.0610665331998945
"438","Animation|Drama|Romance",0.119778219452613
"439","Animation|Drama|Sci-Fi|War",0.144999391609853
"440","Animation|Drama|War",0.0696694337441943
"441","Animation|Fantasy",0.0202300379006843
"442","Animation|Fantasy|Horror",0.0412374281360196
"443","Animation|Fantasy|Sci-Fi|War",0.0116087615818488
"444","Animation|Fantasy|Thriller",0.0509624489517072
"445","Animation|Horror|IMAX",0.0183079178419597
"446","Animation|IMAX|Sci-Fi",0.308388047898642
"447","Animation|Musical",-0.0251408946102663
"448","Animation|Mystery|Sci-Fi",0.0827989835744364
"449","Animation|Mystery|Thriller",0.0739383001567158
"450","Animation|Sci-Fi",0.0399819798159119
"451","Children",-0.0895082804116689
"452","Children|Comedy",-0.0213099773906316
"453","Children|Comedy|Crime|Drama",-0.00375825457403873
"454","Children|Comedy|Crime|Drama|Fantasy",0.0670120403030683
"455","Children|Comedy|Crime|Musical",0.0576793318328843
"456","Children|Comedy|Drama",-0.00520642588435583
"457","Children|Comedy|Drama|Fantasy",-0.0335321382407836
"458","Children|Comedy|Drama|Musical|Romance",0.0089589608051394
"459","Children|Comedy|Drama|Mystery",0.0536008007370771
"460","Children|Comedy|Fantasy",-0.0375410235574612
"461","Children|Comedy|Fantasy|Horror",-0.00261799170072597
"462","Children|Comedy|Fantasy|Musical",-0.0371188564011603
"463","Children|Comedy|Fantasy|Romance",-0.0160940986093395
"464","Children|Comedy|Fantasy|Sci-Fi",0.0504283347407528
"465","Children|Comedy|Musical",0.000849501185257744
"466","Children|Comedy|Musical|Romance",-0.00270296954827699
"467","Children|Comedy|Mystery",-0.0306092846064653
"468","Children|Comedy|Romance",-0.0078547881354738
"469","Children|Comedy|Romance|Sci-Fi",-0.0154777630591954
"470","Children|Comedy|Sci-Fi",-0.0142893430440505
"471","Children|Comedy|Western",-0.0173346125073923
"472","Children|Documentary",0.0687459767721942
"473","Children|Drama",-0.0280091470562419
"474","Children|Drama|Fantasy",-0.0377990952965478
"475","Children|Drama|Fantasy|Mystery",-0.0132320388991702
"476","Children|Drama|Musical",0.102422943772389
"477","Children|Drama|Sci-Fi",-0.0241521650685567
"478","Children|Fantasy",0.0520873804377776
"479","Children|Fantasy|Horror|Mystery",-0.0289222869567452
"480","Children|Fantasy|Musical",-0.0206488979821052
"481","Children|Fantasy|Musical|Romance",-0.0576908159057882
"482","Children|Fantasy|Sci-Fi",0.0224355750760287
"483","Children|Horror",-8.30787771079e-05
"484","Children|Musical",-0.00678692490172536
"485","Children|Musical|Romance",-0.0289180194039875
"486","Children|Mystery",0.129954877428724
"487","Children|Sci-Fi",-0.0456761200994485
"488","Children|Western",-0.0334187948030534
"489","Comedy",-0.00491809687926959
"490","Comedy|Crime",0.0166638628015121
"491","Comedy|Crime|Drama",0.00400683724673195
"492","Comedy|Crime|Drama|Film-Noir",0.0865113876894042
"493","Comedy|Crime|Drama|Film-Noir|Musical",0.23446211864337
"494","Comedy|Crime|Drama|Horror|Mystery",0.0408606723059066
"495","Comedy|Crime|Drama|Horror|Mystery|Thriller",0.0422401912009644
"496","Comedy|Crime|Drama|Musical",0.0222867632220948
"497","Comedy|Crime|Drama|Musical|Mystery|Romance",0.0489608620405314
"498","Comedy|Crime|Drama|Mystery",0.00805102518960882
"499","Comedy|Crime|Drama|Mystery|Romance",0.0442826276756098
"500","Comedy|Crime|Drama|Mystery|Thriller",0.0520636230135168
"501","Comedy|Crime|Drama|Romance",0.125781680199825
"502","Comedy|Crime|Drama|Romance|Thriller",0.0118877247375346
"503","Comedy|Crime|Drama|Thriller",0.000271282082789284
"504","Comedy|Crime|Drama|War",0.105126327653427
"505","Comedy|Crime|Fantasy",-0.0641475177149183
"506","Comedy|Crime|Horror",-0.0141645699119637
"507","Comedy|Crime|Musical",0.00811099727621349
"508","Comedy|Crime|Musical|Mystery",0.0628464634164144
"509","Comedy|Crime|Mystery",0.0168483427421228
"510","Comedy|Crime|Mystery|Romance",0.0589803054106533
"511","Comedy|Crime|Mystery|Romance|Thriller",0.00969945195204146
"512","Comedy|Crime|Mystery|Thriller",0.0245704954324883
"513","Comedy|Crime|Romance",0.0205477560340375
"514","Comedy|Crime|Romance|Thriller",0.0170100719591816
"515","Comedy|Crime|Thriller",0.0170903319878148
"516","Comedy|Crime|Western",-0.0451126112513303
"517","Comedy|Documentary",0.0470572285028638
"518","Comedy|Documentary|Drama",0.00669236897222708
"519","Comedy|Documentary|Musical",0.0783380182700504
"520","Comedy|Documentary|Romance",0.0201349396771119
"521","Comedy|Drama",0.0232997546844667
"522","Comedy|Drama|Fantasy",-0.0136724299401996
"523","Comedy|Drama|Fantasy|Horror|Thriller",-0.0450329541254572
"524","Comedy|Drama|Fantasy|Musical|Romance",0.110382782381994
"525","Comedy|Drama|Fantasy|Mystery",0.182141328438279
"526","Comedy|Drama|Fantasy|Romance",0.0151747093941952
"527","Comedy|Drama|Fantasy|Romance|Thriller",-0.0494015781234459
"528","Comedy|Drama|Fantasy|Sci-Fi",-0.0428957006768217
"529","Comedy|Drama|Film-Noir",0.175563021758641
"530","Comedy|Drama|Horror",0.0491629315436802
"531","Comedy|Drama|Horror|Sci-Fi",-0.0884335441880212
"532","Comedy|Drama|Horror|Sci-Fi|Thriller",0.0608787669226299
"533","Comedy|Drama|Musical",0.0407053290774717
"534","Comedy|Drama|Musical|Mystery",0.046753012878436
"535","Comedy|Drama|Musical|Romance",0.00555679981188669
"536","Comedy|Drama|Mystery",0.0542435845776889
"537","Comedy|Drama|Mystery|Romance",0.0495497880360919
"538","Comedy|Drama|Mystery|Thriller",0.0462770971120158
"539","Comedy|Drama|Romance",0.00527307493813207
"540","Comedy|Drama|Romance|Sci-Fi",0.0455736133182529
"541","Comedy|Drama|Romance|Thriller",0.0637881375981024
"542","Comedy|Drama|Romance|War",-0.0280482256218808
"543","Comedy|Drama|Sci-Fi",0.030213278739489
"544","Comedy|Drama|Sci-Fi|War",0.080952277116871
"545","Comedy|Drama|Thriller",0.0355125980697823
"546","Comedy|Drama|War",0.0194485747838743
"547","Comedy|Drama|Western",-0.00755321363278569
"548","Comedy|Fantasy",0.0134651762838139
"549","Comedy|Fantasy|Horror",0.0291974394005841
"550","Comedy|Fantasy|Horror|Romance",-0.026085064780105
"551","Comedy|Fantasy|Horror|Thriller",0.0366872073620291
"552","Comedy|Fantasy|Musical",-0.0422305742902168
"553","Comedy|Fantasy|Musical|Romance",0.0861923789427328
"554","Comedy|Fantasy|Mystery|Sci-Fi",0.0198077572494789
"555","Comedy|Fantasy|Romance",-0.00606881324017789
"556","Comedy|Fantasy|Romance|Sci-Fi",-0.0192295373702029
"557","Comedy|Fantasy|Sci-Fi",0.00355401996987758
"558","Comedy|Film-Noir|Thriller",-0.101898930825013
"559","Comedy|Horror",0.00245743093200344
"560","Comedy|Horror|Musical",0.0129140731978228
"561","Comedy|Horror|Musical|Sci-Fi",0.0215589270824332
"562","Comedy|Horror|Mystery",0.0055823524096771
"563","Comedy|Horror|Mystery|Sci-Fi",-0.0100890837068537
"564","Comedy|Horror|Mystery|Thriller",0.0617979573252258
"565","Comedy|Horror|Romance",0.0454591102839425
"566","Comedy|Horror|Romance|Thriller",-0.000883262165521801
"567","Comedy|Horror|Sci-Fi",0.0336135147651807
"568","Comedy|Horror|Thriller",0.0030542460182732
"569","Comedy|Musical",0.0212881416448379
"570","Comedy|Musical|Romance",0.0106954339954452
"571","Comedy|Musical|Romance|Western",0.0660222526239668
"572","Comedy|Musical|Sci-Fi",0.0300393992797958
"573","Comedy|Musical|Western",-0.00654293038306821
"574","Comedy|Mystery",0.0243238765979257
"575","Comedy|Mystery|Romance",0.0217299466278697
"576","Comedy|Mystery|Thriller",0.010621405648286
"577","Comedy|Romance",-0.0128691351707493
"578","Comedy|Romance|Sci-Fi",0.0374463361563561
"579","Comedy|Romance|Thriller",-0.00536451093929133
"580","Comedy|Romance|War",0.0196484537644764
"581","Comedy|Romance|Western",0.0906831140545558
"582","Comedy|Sci-Fi",-0.0124367348931051
"583","Comedy|Sci-Fi|Thriller",0.0832193454319762
"584","Comedy|Sci-Fi|Western",0.00124186705005484
"585","Comedy|Thriller",-0.00444540216454416
"586","Comedy|War",0.0224283490958993
"587","Comedy|War|Western",0.0574998184216694
"588","Comedy|Western",0.0153808566835707
"589","Crime",0.0443338592652093
"590","Crime|Documentary",0.0461377485099737
"591","Crime|Documentary|Drama",0.0252658116307992
"592","Crime|Documentary|War",0.146932685740083
"593","Crime|Drama",0.0241331073133992
"594","Crime|Drama|Fantasy",-0.00122590418266909
"595","Crime|Drama|Fantasy|Film-Noir|Horror",0.126018002407372
"596","Crime|Drama|Fantasy|Film-Noir|Mystery|Romance",0.0840335589967319
"597","Crime|Drama|Fantasy|Romance|Thriller",0.0528045599189103
"598","Crime|Drama|Film-Noir",0.0373992138465919
"599","Crime|Drama|Film-Noir|Mystery",0.085814979366007
"600","Crime|Drama|Film-Noir|Mystery|Thriller",0.0698300029943925
"601","Crime|Drama|Film-Noir|Romance",-0.138789572887686
"602","Crime|Drama|Film-Noir|Romance|Thriller",0.113142386831856
"603","Crime|Drama|Film-Noir|Thriller",0.045015663367899
"604","Crime|Drama|Horror",0.10971155760532
"605","Crime|Drama|Horror|Mystery",0.0738651258066049
"606","Crime|Drama|Horror|Mystery|Thriller",0.00304941552272177
"607","Crime|Drama|Horror|Sci-Fi",-0.0322714835674027
"608","Crime|Drama|Horror|Thriller",0.0392988928863468
"609","Crime|Drama|Musical",-0.0353757837622477
"610","Crime|Drama|Mystery",0.0525421391230635
"611","Crime|Drama|Mystery|Romance",0.153868188915735
"612","Crime|Drama|Mystery|Romance|Thriller",0.0583494357784504
"613","Crime|Drama|Mystery|Thriller",0.0268662599925446
"614","Crime|Drama|Mystery|Thriller|War",0.139950040179773
"615","Crime|Drama|Romance",0.0361260966545938
"616","Crime|Drama|Romance|Thriller",0.00961732644334793
"617","Crime|Drama|Sci-Fi",0.0177191414259114
"618","Crime|Drama|Sci-Fi|Thriller",0.024500422701868
"619","Crime|Drama|Thriller",0.0288175860095025
"620","Crime|Drama|War",0.0907181895450809
"621","Crime|Drama|Western",0.0233653661104187
"622","Crime|Film-Noir",0.0472433793236862
"623","Crime|Film-Noir|Mystery",0.0277944521409151
"624","Crime|Film-Noir|Mystery|Thriller",0.00777812849027725
"625","Crime|Film-Noir|Romance",0.162417387634233
"626","Crime|Film-Noir|Thriller",0.0544505645107424
"627","Crime|Horror",0.105280686677395
"628","Crime|Horror|Mystery",0.0754264668585755
"629","Crime|Horror|Mystery|Sci-Fi",-0.0363910032788784
"630","Crime|Horror|Mystery|Sci-Fi|Thriller",0.135204533100415
"631","Crime|Horror|Mystery|Thriller",0.000110112963321409
"632","Crime|Horror|Sci-Fi",-0.123701516605846
"633","Crime|Horror|Sci-Fi|Thriller",0.0784299336497066
"634","Crime|Horror|Thriller",-0.0212390321129065
"635","Crime|Musical",-0.00044505184947543
"636","Crime|Mystery",0.0254767694669404
"637","Crime|Mystery|Romance|Thriller",0.000615659248168076
"638","Crime|Mystery|Sci-Fi|Thriller",0.0554178620669739
"639","Crime|Mystery|Thriller",0.0126915076194445
"640","Crime|Romance|Thriller",0.132624145745926
"641","Crime|Sci-Fi|Thriller",-0.0349816904190889
"642","Crime|Thriller",0.00926894448624489
"643","Crime|Thriller|War",0.0172808479546681
"644","Documentary",0.0699140493770369
"645","Documentary|Drama",0.0411093530611255
"646","Documentary|Drama|Musical",0.019328815286552
"647","Documentary|Drama|Romance|War",0.114297432476328
"648","Documentary|Drama|War",0.139436366440149
"649","Documentary|Fantasy",0.169099290757723
"650","Documentary|Horror",-0.0235776983809568
"651","Documentary|IMAX",0.00241306983931611
"652","Documentary|IMAX|Musical",0.0912544409553699
"653","Documentary|Musical",0.0565398723182877
"654","Documentary|Mystery",0.19251066688808
"655","Documentary|Romance",-0.0190456636303147
"656","Documentary|Thriller",0.0906317982830254
"657","Documentary|War",0.118479229937734
"658","Drama",0.0218953070019372
"659","Drama|Fantasy",0.0363373193593798
"660","Drama|Fantasy|Horror",0.0469473880710873
"661","Drama|Fantasy|Horror|Mystery",0.212977385009051
"662","Drama|Fantasy|Horror|Mystery|Thriller",0.0127718360874038
"663","Drama|Fantasy|Horror|Romance",-0.0645006214998375
"664","Drama|Fantasy|Horror|Sci-Fi",-0.0160662846144156
"665","Drama|Fantasy|Horror|Sci-Fi|Thriller",-0.0773345633701399
"666","Drama|Fantasy|Horror|Thriller",0.0104862438288666
"667","Drama|Fantasy|Horror|Thriller|War",0.0672235214231844
"668","Drama|Fantasy|Musical",-0.0141358816437261
"669","Drama|Fantasy|Musical|Romance",0.0888576284580304
"670","Drama|Fantasy|Mystery",0.0693555406500827
"671","Drama|Fantasy|Mystery|Romance",-0.00402461546146248
"672","Drama|Fantasy|Mystery|Romance|Thriller",0.016441318954208
"673","Drama|Fantasy|Mystery|Sci-Fi",0.0275349060625142
"674","Drama|Fantasy|Mystery|Thriller",-0.0563375374422187
"675","Drama|Fantasy|Romance",0.0238554466865997
"676","Drama|Fantasy|Romance|Thriller",-0.00793493349606517
"677","Drama|Fantasy|Sci-Fi",0.0288970872521415
"678","Drama|Fantasy|Thriller",0.0401188351488867
"679","Drama|Fantasy|War",0.110328220242354
"680","Drama|Film-Noir",0.0793657271340939
"681","Drama|Film-Noir|Horror|Mystery|Thriller",0.13802032059574
"682","Drama|Film-Noir|Mystery",0.105442122256469
"683","Drama|Film-Noir|Mystery|Romance",0.0727261963462376
"684","Drama|Film-Noir|Mystery|Thriller",0.0487355160815917
"685","Drama|Film-Noir|Romance",0.0405053173567486
"686","Drama|Film-Noir|Thriller",0.107529003101935
"687","Drama|Horror",-0.00463920825348209
"688","Drama|Horror|Musical",0.0101862191833543
"689","Drama|Horror|Musical|Thriller",0.0514346337375119
"690","Drama|Horror|Mystery",0.0733436404205207
"691","Drama|Horror|Mystery|Sci-Fi|Thriller",0.00198578794284617
"692","Drama|Horror|Mystery|Thriller",0.0436560305118689
"693","Drama|Horror|Romance",0.149322236164634
"694","Drama|Horror|Romance|Thriller",0.0139074293330097
"695","Drama|Horror|Sci-Fi",0.00593389139005418
"696","Drama|Horror|Sci-Fi|Thriller",-0.00980803126884675
"697","Drama|Horror|Sci-Fi|Thriller|War",0.0328444532697725
"698","Drama|Horror|Thriller",0.0173372510663447
"699","Drama|Horror|War",0.187277679409669
"700","Drama|Musical",0.0248841269197148
"701","Drama|Musical|Romance",0.0131787442635959
"702","Drama|Musical|Romance|War",0.0239363810439195
"703","Drama|Musical|Thriller",0.135440975718329
"704","Drama|Musical|War",0.0408643359894291
"705","Drama|Mystery",0.0366684358589089
"706","Drama|Mystery|Romance",0.0337716216301114
"707","Drama|Mystery|Romance|Sci-Fi|Thriller",0.116761389374291
"708","Drama|Mystery|Romance|Thriller",0.0137790118768463
"709","Drama|Mystery|Romance|War",0.0919386799185888
"710","Drama|Mystery|Sci-Fi",0.101534282571646
"711","Drama|Mystery|Sci-Fi|Thriller",0.051087115583864
"712","Drama|Mystery|Thriller",0.00921088531954636
"713","Drama|Mystery|War",0.140342991184235
"714","Drama|Mystery|Western",0.0821234208672023
"715","Drama|Romance",0.00938101056801855
"716","Drama|Romance|Sci-Fi",0.0178379184864077
"717","Drama|Romance|Sci-Fi|Thriller",0.0603809217432458
"718","Drama|Romance|Thriller",0.0197597343016957
"719","Drama|Romance|Thriller|War",0.0974550962607738
"720","Drama|Romance|War",0.0161977396433009
"721","Drama|Romance|War|Western",-0.0526725613992984
"722","Drama|Romance|Western",-0.00747436942822307
"723","Drama|Sci-Fi",-0.00203740324323309
"724","Drama|Sci-Fi|Thriller",0.0103402343180533
"725","Drama|Sci-Fi|War",0.0706709107901959
"726","Drama|Thriller",0.00144125480338127
"727","Drama|Thriller|War",-0.038056748870823
"728","Drama|Thriller|Western",0.0872773545748687
"729","Drama|War",0.0240523434146979
"730","Drama|War|Western",0.0237329770240213
"731","Drama|Western",0.0250431734182052
"732","Fantasy",0.154665133432858
"733","Fantasy|Horror",0.00925663043176233
"734","Fantasy|Horror|Mystery",-0.0310115138888063
"735","Fantasy|Horror|Mystery|Romance",0.0127488122608967
"736","Fantasy|Horror|Mystery|Thriller",0.0357886020208562
"737","Fantasy|Horror|Romance|Thriller",0.0225905959634015
"738","Fantasy|Horror|Sci-Fi",-0.301302902428948
"739","Fantasy|Horror|Sci-Fi|Thriller",0.0832434949234829
"740","Fantasy|Horror|Thriller",0.0187328019054959
"741","Fantasy|Musical",0.0409911454877085
"742","Fantasy|Musical|Romance",0.0340417567592219
"743","Fantasy|Mystery|Sci-Fi|War",-0.020648373215776
"744","Fantasy|Mystery|Thriller",0.0469898566390363
"745","Fantasy|Mystery|Western",-0.0073631615969052
"746","Fantasy|Romance",-0.00894751373936373
"747","Fantasy|Sci-Fi",0.0365396950097684
"748","Fantasy|Sci-Fi|Thriller",0.005841377669068
"749","Fantasy|Western",0.127426400901291
"750","Film-Noir",0.115184351479586
"751","Film-Noir|Horror",-0.0689579850684574
"752","Film-Noir|Horror|Thriller",0.0583055351673407
"753","Film-Noir|Mystery",0.00945687672785418
"754","Film-Noir|Mystery|Thriller",0.0416256493895071
"755","Film-Noir|Romance|Thriller",0.0308000769962231
"756","Film-Noir|Thriller",0.0700016356822985
"757","Horror",0.0132023830903614
"758","Horror|Musical|Mystery|Thriller",0.107903841751845
"759","Horror|Musical|Thriller",0.0406189601055411
"760","Horror|Mystery",0.00972657507155236
"761","Horror|Mystery|Sci-Fi",-0.0922110454622766
"762","Horror|Mystery|Sci-Fi|Thriller",0.0531026750407991
"763","Horror|Mystery|Thriller",0.0354588257853188
"764","Horror|Romance",-0.00684747671545233
"765","Horror|Romance|Thriller",-0.0230103042474455
"766","Horror|Sci-Fi",-0.00970177169983735
"767","Horror|Sci-Fi|Thriller",-0.0020021878537868
"768","Horror|Thriller",0.00999344276679422
"769","Horror|War|Western",0.0287992722507709
"770","Horror|Western",0.0170178876586647
"771","IMAX",-0.155360181486624
"772","Musical",-0.000297496133399158
"773","Musical|Romance",-0.00622392637899884
"774","Musical|Romance|War",-0.0230851119014236
"775","Musical|Romance|Western",0.0323880427068144
"776","Musical|Sci-Fi",-0.0542067607760275
"777","Musical|War",0.00138390981740002
"778","Musical|Western",-0.00677190915458493
"779","Mystery",0.0849427591172391
"780","Mystery|Romance|Thriller",0.0201966079508899
"781","Mystery|Sci-Fi",0.0246730531328522
"782","Mystery|Sci-Fi|Thriller",-0.0401491750547033
"783","Mystery|Thriller",0.0124234135215066
"784","Mystery|Western",0.00183431095694389
"785","Romance",0.00467478525475512
"786","Romance|Sci-Fi",0.0449225002695363
"787","Romance|Thriller",0.0576684924535882
"788","Romance|War",-0.0326362989513388
"789","Romance|Western",0.0778411326852176
"790","Sci-Fi",-0.00452475213755818
"791","Sci-Fi|Thriller",-0.0106569065022292
"792","Thriller",-0.00836347983806681
"793","Thriller|War",0.165796520964192
"794","Thriller|Western",0.053587302972609
"795","War",0.0354299279233044
"796","War|Western",0.0642151642124912
"797","Western",0.0159006048925362
